,,,,【用語】,,,,,,,,,,,,,,,,,,,,,,,,,,,,,,,,,
,,,,・職能＝　例）営業部、設計部、工事部など,,,,,,,,,,,,,,,,,,,,,,,,,,,,,,,,,
,,,,・職位＝　例）営業部長、営業プレイヤー、営業事務　※営業部の中に営業部長という職位がある,,,,,,,,,,,,,,,,,,,,,,,,,,,,,,,,,
,,,,※職務＝命令によって与えられる具体的な業務,,,,,,,,,,,,,,,,,,,,,,,,,,,,,,,,,
,,,,・業務＝一つの目的を果たすために必要な作業の集合体　例）「着工準備」（目的：期日通り工事着工をすること）,,,,,,,,,,,,,,,,,,,,,,,,,,,,,,,,,
,,,,・作業＝動作の集合体　例）着工準備の場合、「工事前近隣挨拶」「変更契約前会議」,,,,,,,,,,,,,,,,,,,,,,,,,,,,,,,,,
,,,,・ガイドブック（命令）＝職務遂行のために職務を「作業」で表示→①まず箇条書き②そして5W1Hを追加,,,,,,,,,,,,,,,,,,,,,,,,,,,,,,,,,
,,,,・マニュアル（命令）＝作業遂行のために作業を「動作（5W1H必須）」で表示（初めて作業する人でも完全実行できる状態）※完全実行＝誰かに質問せず独力で完遂できること,,,,,,,,,,,,,,,,,,,,,,,,,,,,,,,,,
,,,,・チェックリスト＝ガイドブックとマニュアル通りに完遂して報告するための手段（ツール）,,,,,,,,,,,,,,,,,,,,,,,,,,,,,,,,,
,,,,,,,,,,,,,,,,,,,,,,,,,,,,,,,,,,,,,
,状態,等級,業務No,業務,重要度,Dos（意識してやるべきこと）,Don'ts（やってはならないこと）,目的,重要度,Dos(意識してやるべきこと),Dont'ts(やってはならないこと),担当,属性,,作業,誰に,何を,いつまでに（期限・頻度）,使用するツール,必要資料・物,資料保存場所,マニュアル・ガイドブック,備考,,C・契約管理（契約数）,,Ｋ・工程管理（スケジュール）,,Ｓ・資金管理（入金管理）,,Ｊ・情報、コミュニケーション,,,,,,
1,モデルハウス見学説明会,１,1,モデルハウスの開店準備,B,"・モデルハウスは商品のため常に美化意識を持つ
・快適な空気環境になっているかをチェック","・セミナー講師役（サブ）が不足
・資料や資源の不足","モデルハウス見学説明会にお客様が来場しても良い状態にする。
",,,,営業,K,1,移動作業,,,説明会参加が決まった時,Googleカレンダー,社用車,,https://drive.google.com/file/d/1cDJSjFNICYtDUQuTQNTfhS0VOmrnfuv9/view,,,,,移動作業,,,,,,,,,,
,,,,,,,,,,,,,K,2,モデルハウス施錠解除作業,,,イベント開始1時間前,キーボックス,カギ,各モデルハウスによる,,,,,,モデルハウス施錠解除作業,,,,,,,,,,
,,,,,,,,,,,,,K,3,モデルハウス状態確認作業,,資料や水,イベント開始までに,チェックシート,,,https://docs.google.com/spreadsheets/d/1DMjl73PJHRvgpfPj81GObw65bCYY3Hsn74eIeQahhg0/edit?gid=486535308#gid=486535308,,,,,モデルハウス状態確認作業,,,,,,,,,,
,,,,,,,,,,,,,K,4,清掃作業,,モデルハウス家中・外,イベント開始までに,チェックシート,掃除道具,,https://docs.google.com/spreadsheets/d/1DMjl73PJHRvgpfPj81GObw65bCYY3Hsn74eIeQahhg0/edit?gid=486535308#gid=486535309,,,,,清掃作業,,,,,,,,,,
,,,,,,,,,,,,,K,5,セミナー準備作業,,バインダー・スリッパ・モニター,イベント開始までに,,PC,https://drive.google.com/open?id=1pnZMl_2VfwAM07tzFy6f_2BbS4toZsVP&usp=drive_fs,,,,,,セミナー準備作業,,,,,,,,,,
,,,,,,,,,,,,,K,6,イベントお出迎え準備作業,,,イベント開始までに,,,,,,,,,イベントお出迎え準備作業,,,,,,,,,,
2,,２,2,セミナー業務,S,Gハウスの魅力をワクワクするように伝える,無理やり、限定会員に入会いただく。,お客様をＧハウスで建てたいと思う状態にする。,,,,営業,K,7,受付作業,お客様,名前,,イベント管理表,バインダー、間取り図、セミナー資料,https://docs.google.com/spreadsheets/d/1j1TllahGbgVr5mGFdggu7rKbTKEoAbCpSyS_4FmvyqE/edit?gid=0#gid=0,,,,,,受付作業,,,,,,,,,,
,,,,,,,,,,,,,K,8,セミナー実施作業,お客様,,開始時刻,セミナーパワーポイント,モニター,https://docs.google.com/presentation/d/1Cq1pJZdCAisdFcf1ctUc_oA9H7xhFVWD?rtpof=true&usp=drive_fs,,,,,,セミナー実施作業,,,,,,,,,,
,,,,,,,,,,,,,K,9,アンケート受付作業,お客様,来店アンケート,セミナー終了後,初回受付Googleフォーム,お客様スマートフォン,https://docs.google.com/spreadsheets/d/1G2M_ceRpftzGEeHuIAlRboBLzIJTm4CMLYyzQflMgfI/edit?gid=360141513#gid=360141513,,,,,,アンケート受付作業,,,,,,,,,,
,,,,,,,,,,,,,K,10,モデルハウス案内作業,お客様,,アンケート受領後,モデルハウス,,,,,,,,モデルハウス案内作業,,,,,,,,,,
,,,,,,,,,,,,,K,11,お見送り作業,お客様,,次のイベント開始15分前までに,,,,,,,,,お見送り作業,,,,,,,,,,
,,4,81,イベント決定の社内案内,S,,日にちや曜日の間違い,イベント決定時に広告及び営業、営業事務に通達し表作成依頼,,,,部門長,K,,各部署への連絡及び依頼,,,,,,,,,,,,,,,,,,,,,,
,,4,82,イベント講師の割り振り,A,講師役を伝え、当事者のカレンダーに予定登録させる,ダブルブッキングを防ぐ,いつだれがどこで講師を行うのかを明確にすること,,,,部門長,K,,各イベントの講師を営業担当へ割り振りをして共有,,,,,,,,,,,,,,,,,,,,,,
3,,１,３,モデルハウスの閉店,B,,,来た時と同じ状態にする。,,,,営業,K,12,モデルハウス状態確認作業,,水、掃除道具,イベント終了後,チェックシート,,,https://docs.google.com/spreadsheets/d/1DMjl73PJHRvgpfPj81GObw65bCYY3Hsn74eIeQahhg0/edit?gid=486535308#gid=486535308,,,,,モデルハウス状態確認作業,,,,,,,,,,
,,,,,,,,,,,,,K,13,清掃作業,,モデルハウス家中・外,イベント終了後,チェックシート,,,https://docs.google.com/spreadsheets/d/1DMjl73PJHRvgpfPj81GObw65bCYY3Hsn74eIeQahhg0/edit?gid=486535308#gid=486535308,,,,,清掃作業,,,,,,,,,,
,,,,,,,,,,,,,K,14,モデルハウス内資料計数作業,,お渡し資料,イベント終了後,チェックシート,,,https://docs.google.com/spreadsheets/d/1DMjl73PJHRvgpfPj81GObw65bCYY3Hsn74eIeQahhg0/edit?gid=486535308#gid=486535308,,,,,モデルハウス内資料計数作業,,,,,,,,,,
,,,,,,,,,,,,,K,15,結果報告作業,,限定会員入会数,イベント終了後,Googleチャット,,,,,,,,結果報告作業,,,,,,,,,,
,,,,,,,,,,,,,K,16,モデルハウス施錠作業,,,イベント終了後,キーボックス,カギ,各モデルハウスによる,,,,,,モデルハウス施錠作業,,,,,,,,,,
,,,,,,,,,,,,,K,17,移動作業,,,,社用車・自家用車,社用車,,,,,,,移動作業,,,,,,,,,,
4,,４,４,イベント担当者割振り　★,S,割り振り順に間違いがないか確認する,顧客被りで2名以上の営業から連絡する,営業が自分の担当お客様へ連絡が出来る状態にする。,,,,部門長,J,18,営業担当割振り作業,営業,限定会員,イベント終了後,イベント管理表・チャット,顧客情報,https://docs.google.com/spreadsheets/d/1G2M_ceRpftzGEeHuIAlRboBLzIJTm4CMLYyzQflMgfI/edit?gid=360141513#gid=360141513,,,,,,,,,,営業担当割振り作業,,,,,,
5,アポイント取得,２,５,電話,S,社名や名前を伝えイベントの感想を聞く,"・夜21時以降に電話するなどの配慮不足
・名前間違いや読み方間違い",次回個別相談のアポイントがある状態にする。,,,,営業,J,19,電話作業,お客様,,イベント終了当日又は翌日,スマートフォン,,,,,,,,,,,,電話作業,,,,,,
6,,,,"SMS
（※電話不在）",A,,・名前間違いや読み方間違い,,,,,,J,20,ショートメッセージ送付作業,お客様,,イベント終了当日又は翌日,スマートフォン,,,,,,,,,,,,ショートメッセージ送付作業,,,,,,
7,,,,"PCメール
（※電話不在）",A,,・名前間違いや読み方間違い,,,,,,J,21,メール送付作業,お客様,,イベント終了当日又は翌日,会社貸与パソコン,,,,,,,,,,,,メール送付作業,,,,,,
8,個別相談,２,6,準備：来店,S,部屋確保,,スムーズに個別相談が出来る状態にする。,,,,営業,J,22,本社案内図送付作業,お客様,本社案内図,個別相談予定日の前日,会社貸与パソコン,地図,https://drive.google.com/open?id=1zCmGUblkn27K9QU7qedAIx6evgnmDwUI&usp=drive_fs,,,,,,,,,,本社案内図送付作業,,,,,,
9,,,,準備：オンライン,S,部屋確保,,,,,,,J,23,オンラインＵＲＬ送付作業,お客様,ＺＯＯＭ又はGoogleミート,個別相談予定日の前日,会社貸与パソコン,オンライン打合せURL,,,,,,,,,,,オンラインＵＲＬ送付作業,,,,,,
10,,,,共通準備,A,アンケート結果を基に資料準備,,,,,,,J,24,座席確保作業,,打合せ場所,約束した時,Googleカレンダー,,,https://drive.google.com/file/d/1wrJzHcOVI2QAbGtKGSo2N34zMWUmDVDJ/view,,,,,,,,,座席確保作業,,,,,,
11,,,7,商談準備,S,土地相場が分かるものを準備,,打合せのシナリオを描き必要書類を準備する。,,,,営業,K,25,商談準備作業,,,,,,,,,,,,商談準備作業,,,,,,,,,,
12,,,8,実施,S,ＷＨＹからヒアリング,ＷＨＡＴの話ばかり,Ｇハウスの家造りに魅力を感じて建築申込へランクアップ。,,,,営業,K,26,個別相談実施作業,お客様,打合せ,,限定ガイドブック,限定会員ＨＰ又はガイドブック集,https://g-house-member.site/,,,,,,個別相談実施作業,,,,,,,,,,
13,土地あり,２,9,計画地情報収集,S,土地の状態確認（権利・現地・高低差・境界）,場所間違い,土地整備費用にどれくらい費用が掛かるか営業が理解している状態。,,,,営業,J,27,計画地住所確認作業,お客様,住所,新規プラン依頼,,,,,,,,,,,,,計画地住所確認作業,,,,,,
,,,,,,,,,,,,,J,28,資料収集作業,お客様,謄本、測量図、公図、地図,新規プラン依頼,登記識別情報,アクセスID・パスワード,https://docs.google.com/spreadsheets/d/10_GzdbQ3bbR2wkjqNZyTUA7S3zA2jEkqu52ly5KZ1jE/edit?gid=1864728260#gid=1864728260,,,,,,,,,,資料収集作業,,,,,,
,,,,,,,,,,,,,J,29,現地確認作業,お客様,,新規プラン依頼,Googleマップ,,,,,,,,,,,,現地確認作業,,,,,,
14,,２,10,要望ヒアリング（土地あり）,B,,,要望をお客様が理解している状態。,,,,営業,J,30,建物要望ヒアリング作業,お客様,ヒアリングシート,新規プラン依頼,お客様要望ヒアリングシート,,https://drive.google.com/open?id=1km0zQyroTFswBGkdTmAjsETWAjc2goQZ&usp=drive_fs,,,,,,,,,,建物要望ヒアリング作業,,,,,,
,,,,,,,,,,,,,J,31,外構要望ヒアリング作業,お客様,,,,,,,,,,,,,,,外構要望ヒアリング作業,,,,,,
15,,4,11,初期プラン図チェック,B,"エアコン、エコキュートの配置
2階搬入経路",チェックしない,お客様の要望が図面にしっかり落とし込みができているか,,,,営業,J,32,お客様要望チェック作業,,,,,,,,,,,,,,,,お客様要望チェック作業,,,,,,
16,,２,12,資金計画書（土地あり）,B,出来るだけ詳細に作成する,準防火地域、長期優良住宅取得不可地域の間違い,欲しいものがいくらになるのかお客様が理解している状態。,,,,営業,C,33,資金計画書作成作業,,,プレゼン提案,資金計画書,,https://docs.google.com/spreadsheets/d/1--x6SoiT9LSHg31J-Ir55W3Eu4wWEhI_?rtpof=true&usp=drive_fs,,,,資金計画書作成作業,,,,,,,,,,,,
17,,,,,,,,,,,,,J,34,資金計画書説明作業,お客様,資金計画書,,資金計画書,,https://docs.google.com/spreadsheets/d/1--x6SoiT9LSHg31J-Ir55W3Eu4wWEhI_?rtpof=true&usp=drive_fs,,,,,,,,,,資金計画書説明作業,,,,,,
,,,,,,,,,,,,,J,35,資金計画書印刷お渡し作業,お客様,資金計画書,,プリンター又はＰＤＦ,,,,,,,,,,,,資金計画書印刷お渡し作業,,,,,,
18,,２,13,建築申込登録（土地あり）,B,,,建築申込登録,,,,営業,J,36,建築申込URL送付作業,お客様,Googleフォーム,,Googleフォーム,建築申込ＵＲＬ,https://docs.google.com/forms/d/e/1FAIpQLSctgAQ6t5kalPLoxpWHGMvo1SNvykN0DCp5xzmoYE_YnxHsgg/viewform,,,,,,,,,,建築申込URL送付作業,,,,,,
,,,,,,,,,,,,,J,37,グーグルフォーム入力確認作業,,Googleフォーム,,Googleフォーム,建築申込ＵＲＬ（回答）,https://docs.google.com/spreadsheets/d/1KmfnkiArBtTl8e0RUjWqd-6vBIj8uhv-l6HIvS73aIA/edit?gid=1399766071#gid=1399766071,,,,,,,,,,グーグルフォーム入力確認作業,,,,,,
,,,,,,,,,,,,,S,38,入金振込日確認作業,,申込金10万円,Googleフォーム申込1週間以内,経理（入金チャット）,,,,,,,,,,入金振込日確認作業,,,,,,,,
,,,,,,,,,,,,,J,39,入金確認後お礼作業,,,入金確認当日,スマートフォン,,,,,,,,,,,,入金確認後お礼作業,,,,,,
19,土地なし,２,14,土地提案条件確認（土地なし）,B,予算やエリアだけでなくＷＨＹまでヒアリングする,優先順位を聞かない,資金のお客様の要望の把握,,,,営業,J,40,条件ヒアリング作業,お客様,土地の大きさ、エリア、予算,,ランディＰＲＯ,,https://docs.google.com/spreadsheets/d/10_GzdbQ3bbR2wkjqNZyTUA7S3zA2jEkqu52ly5KZ1jE/edit?gid=1864728260#gid=1864728260,,,,,,,,,,条件ヒアリング作業,,,,,,
20,,２,15,要望ヒアリング（土地なし）,B,,,要望をお客様が理解している状態。,,,,営業,J,41,建物要望ヒアリング作業,お客様,ヒアリングシート,,お客様要望ヒアリングシート,,,,,,,,,,,,建物要望ヒアリング作業,,,,,,
,,,,,,,,,,,,,J,42,外構要望ヒアリング作業,お客様,,,,,,,,,,,,,,,外構要望ヒアリング作業,,,,,,
21,,２,16,資金計画書（土地なし）,B,不足がないように金額を算出する,,欲しいものがいくらになるのかお客様が理解している状態。,,,,営業,C,43,資金計画書作成,,,,資金計画書,,https://docs.google.com/spreadsheets/d/1--x6SoiT9LSHg31J-Ir55W3Eu4wWEhI_?rtpof=true&usp=drive_fs,,,,資金計画書作成,,,,,,,,,,,,
,,,,,,,,,,,,,J,44,資金計画書提案,お客様,資金計画書,,資金計画書,,https://docs.google.com/spreadsheets/d/1--x6SoiT9LSHg31J-Ir55W3Eu4wWEhI_?rtpof=true&usp=drive_fs,,,,,,,,,,資金計画書提案,,,,,,
,,,,,,,,,,,,,J,45,資金計画書印刷お渡し作業,お客様,資金計画書,,プリンター又はＰＤＦ,建築申込ＵＲＬ,https://docs.google.com/forms/d/e/1FAIpQLSctgAQ6t5kalPLoxpWHGMvo1SNvykN0DCp5xzmoYE_YnxHsgg/viewform,,,,,,,,,,資金計画書印刷お渡し作業,,,,,,
22,,２,17,建築申込登録（土地なし）,B,3万円の返金がないことをお客様に理解いただく,プランを描くためだけの入会は断る,建築申込登録,,,,営業,J,46,建築申込URL送付作業,お客様,Googleフォーム,,Googleフォーム,建築申込ＵＲＬ,https://docs.google.com/spreadsheets/d/1KmfnkiArBtTl8e0RUjWqd-6vBIj8uhv-l6HIvS73aIA/edit?gid=1399766071#gid=1399766071,,,,,,,,,,建築申込URL送付作業,,,,,,
,,,,,,,,,,,,,J,47,グーグルフォーム入力確認作業,,Googleフォーム,,Googleフォーム,,https://forms.gle/o7fhPAdfGSAH9xCK8,,,,,,,,,,グーグルフォーム入力確認作業,,,,,,
,,,,,,,,,,,,,S,48,入金振込日確認作業,,申込金10万円,Googleフォーム申込1週間以内,経理（入金チャット）,,,,,,,,,,入金振込日確認作業,,,,,,,,
,,,,,,,,,,,,,J,49,入金確認後お礼作業,お客様,,入金確認当日,スマートフォン,,,,,,,,,,,,入金確認後お礼作業,,,,,,
23,,２,18,いえプロ不動産提携,B,,グリップ出来ていない状態で提携する,土地紹介がスムーズに出来る状態,,,,営業,J,50,いえプロ担当者紹介作業,お客様,いえプロ担当者,,,,,,,,,,,,,,いえプロ担当者紹介作業,,,,,,
,,,,,,,,,,,,,J,51,LINEグループ追加作業,お客様,LINEグループ,紹介当日,ＬＩＮＥアプリ,,,,,,,,,,,,LINEグループ追加作業,,,,,,
24,事前審査,２,19,事前審査申込み,S,"・年収で考えられる上限での借入金額で事前審査申し込みする
・初回面談時に申込書類お渡しまたは記入預かり
・事前審査に記入漏れが出ないようにあらかじめ印を付ける
・既存借り入れの有無（マイカーローン、カードローン、奨学金）を確認
・銀行独自ルールに該当しないか銀行融資条件で確認する
（連棟切り離しは融資不可の銀行など）
・お客様の要望を鵜吞みにせずに条件確認の上、借り方を提案する
・事前審査申し込みを出し過ぎた場合のデメリットをお伝え
・資金計画の内容でどれが住宅ローン利用可能かお客様が理解しているか
・お客様から受領したら当日中に銀行へFAXまたはレターパックで送る","・事前の申込金額が実際の資金計画と乖離してGハウスでは資金がショートする状態。
・お客様の状態を確認していないのに期待を高めて審査へ進むこと（借入金額、借入金利）
・実行金利は実行月と保証会社の判断で決まる為、最安金利になると断言はしない
・営業が代筆して事前審査申し込みへ進む（ネット、アプリでの代行も同じく）
・事前審査申込書類を紛失または個人情報の書類を机上など置きっぱなしにすること",お客様の資金不安の解消,,,,営業,J,52,借入要望ヒアリング作業,お客様,借入金額、借り方、借入年数、希望融資機関,建築申込,,,,,,,,,,,,,借入要望ヒアリング作業,,,,,,
,,,,,,,,,,,,,C,53,該当銀行事前審査申込書記入作業,お客様,事前審査申込書,土地買付提出,住信SBIネットアプリ・三井住友銀行アプリ,事前審査申込み用ＱＲコード,,,,,該当銀行事前審査申込書記入作業,,,,,,,,,,,,
25,建築申込,２,20,新規プラン依頼申し込み準備,B,他者が見ても理解出来る,"資料間違い
資料不足",設計への引継ぎを円滑にする,,,,営業,J,54,必要書類収集作業,,前面道路謄本、計画地土地資料,新規プラン依頼まで,登記識別情報,ログインＩＤ・パスワード,https://docs.google.com/spreadsheets/d/10_GzdbQ3bbR2wkjqNZyTUA7S3zA2jEkqu52ly5KZ1jE/edit?gid=1864728260#gid=1864728260,,,,,,,,,,必要書類収集作業,,,,,,
,,,,,,,,,,,,,J,55,現地必要資料収集作業,,現地写真,新規プラン依頼まで,スマートフォン、コンベックス、テープ,,,,,,,,,,,,現地必要資料収集作業,,,,,,
26,,２,21,新規プラン依頼申し込み,B,,,お客様情報のずれの解消及び引継ぎ,,,,営業,J,56,グーグルフォーム入力確認作業,,新規プラン依頼チャット用Googleフォーム,,スマートフォン,,https://forms.gle/o7fhPAdfGSAH9xCK8,,,,,,,,,,グーグルフォーム入力確認作業,,,,,,
,,,,,,,,,,,,,K,57,見積もり期限確認作業,営業事務,解体・役所・水道見積もり,プレゼン提案1日前,,,,,,,,,見積もり期限確認作業,,,,,,,,,,
27,,２,22,プラン提案,B,"5大導線の説明
契約後～引き渡しまでのスケジュール（0回目打合せから間取り確定　SR見学日の確定）
",対応できない事項をそのままに放置すること（報連相不足）,お客様の思い描く間取りをご提案し、ご要望に資金計画を理解していただく状態,,,,営業,C,58,プレゼン準備作業,,図面・パース,プレゼン提案1日前,,,,,,,プレゼン準備作業,,,,,,,,,,,,
,,,,,,,,,,,,,C,59,資金計画書作成作業,,,プレゼン提案1日前,パソコン,,,,,,資金計画書作成作業,,,,,,,,,,,,
28,契約,4,83,契約書変更による修正,S,"

入金案内（契約前日までに入金完了されているかチェック）後追い※プラン提案時に伝えたことの再確認
お客様の不安を残さないように丁寧な説明
紹介アナウンスの徹底（紹介獲得に向けて）
本審査の再アナウンス
SR見学と間取り確定までのスケジュール確定

契約書約款の読み合わせは専門用語をかみ砕き・事例を用いながら説明する
（お客様の不安解消）","口頭での約束事（必要事項は覚書を交わすこと）（報連相）
Ｇハウスでできる事・できないことが不明確なまま契約",最新の契約書が出来ている状態,,,,部門長,C,,契約書を最新のものに修正依頼をし、確認作業,,,,,,,,,,,,,,,,,,,,,,
,,２,23,請負契約,S,,,お客様のお家を代理で設計建築する事,,,,営業,C,60,契約ご案内作業,お客様,契約準備物,,,,,,,,契約ご案内作業,,,,,,,,,,,,
,,,,,,,,,,,,,C,61,契約準備作業,,,,,,,,,,契約準備作業,,,,,,,,,,,,
,,,,,,,,,,,,,C,62,契約書作成依頼作業,営業事務,契約書チェックチャット,指定のルール,Googleチャット,,,,,,契約書作成依頼作業,,,,,,,,,,,,
,,4,24,,,,,,,,,営業,C,63,契約必要書類チェック,,,,,,,,,,契約必要書類チェック,,,,,,,,,,,,
,,5,25,,,,,,,,,営業リーダ―,C,64,契約書チェック,担当営業,請負契約書・資金計画書・引き継ぎ書,契約手交,,,,,,,契約書チェック,,,,,,,,,,,,
,,２,26,,,,,,,,,営業,C,65,契約手交作業,お客様,請負契約書,,電子契約アプリ,お客様メールアドレス,,,,,契約手交作業,,,,,,,,,,,,
,,,,,,,,,,,,,J,66,紹介打診作業,,,,,,,,,,,,,,,,紹介打診作業,,,,,,
,,,,,,,,,,,,,S,67,契約金着金確認作業,お客様,請負契約金,請負契約後1週間以内,経理部（入金チャット）,,,,,,,,,,契約金着金確認作業,,,,,,,,
29,打合せ中,２,28,間取り確定,S,"早急に間取り確定の資金計画書を送付する
進捗管理表を更新する","・資金計画書を作成忘れ
・御客様に総費用に対してヒアリングをしない。",建築計画の途中段階で資金の不安解消,,,,営業,K,70,面積表確認作業,設計,面積表,着工1週間前,面積表,,,,,,,,面積表確認作業,,,,,,,,,,
,,,,,,,,,,,,,C,71,資金計画書修正作業,,,,,,,,,,資金計画書修正作業,,,,,,,,,,,,
,,,,,,,,,,,,,C,72,修正資金計画書送付作業,お客様,,,ＬＩＮＥ又はメール,,,,,,修正資金計画書送付作業,,,,,,,,,,,,
30,,２,29,変更契約,S,"・着工日までに契約を手交する
・金額変更に伴い着工金、上棟金が変更されていないかをチェックする
・草刈りが完了しているか確認する
・鎮め物が有るかの確認を忘れない",,設計打合せの中で変更した資金の確定及び最終の建物費用が分かる状態,,,,営業,C,73,見積受領作業,IC,オプション見積もり書,,,,,,,,見積受領作業,,,,,,,,,,,,
,,,,,,,,,,,,,C,74,資金計画書作成作業,,,部門長チェック,,,,,,,資金計画書作成作業,,,,,,,,,,,,
,,,,,,,,,,,,,C,75,契約締結作業,お客様,変更請負契約書,着工日より前日,電子契約アプリ,お客様メールアドレス,,,,,契約締結作業,,,,,,,,,,,,
31,,２,30,金消契約,S,・着工から1週間以内の着金がずれないようにする。,必要書類などを御客様や銀行任せで認知していない。,土地及び建物費用の支払いに必要な融資を受けるため,,,,営業又はお客様,C,76,金融機関書類提出作業,金融機関,変更請負契約書,金融機関の指定による,,,,,,,金融機関書類提出作業,,,,,,,,,,,,
,,,,,,,,,,,,,K,77,契約日時設定作業,お客様・金融機関・司法書士,,金融機関の指定による,,,,,,,,,契約日時設定作業,,,,,,,,,,
,,,,,,,,,,,,,C,78,契約締結作業,お客様,金消契約,金融機関の指定による,,,,,,,契約締結作業,,,,,,,,,,,,
32,工事中,２,31,着工～基礎,S,"・提出必要書類（建築確認済証）の事前確認→営業事務
・お客様の金消契約日や振込手続日のスケジュール確認→営業事務
・銀行からの入金日の確認→営業事務

・入金チャットでの入金報告の確認、お客様へのお礼連絡
・工事中アクシデントの各所への報連相",,建物の費用の30％のお支払いをしていただく,,,,コンシェルジュ,S,79,着工金振込確認作業,経理部・金融機関,着工金,着工日7日以内,経理部（入金チャット）,,,,,,,,,,着工金振込確認作業,,,,,,,,
,,,,,,,,,,,,,J,80,お客様連絡作業,お客様,,振込日当日,ＬＩＮＥ,,,,,,,,,,,,お客様連絡作業,,,,,,
33,,２,32,,,,,建物の費用の30％のお支払いをしていただく,,,,コンシェルジュ,S,81,上棟金振込確認作業,経理部・金融機関,上棟金,上棟日7日以内,経理部（入金チャット）,,,,,,,,,,上棟金振込確認作業,,,,,,,,
,,,,,,,,,,,,,J,82,お客様連絡作業,お客様,,振込日当日,ＬＩＮＥ,,,,,,,,,,,,お客様連絡作業,,,,,,
34,,２,33,上棟～完了検査,S,"・提出必要書類（中間検査合格証・上棟証明書）の事前確認→営業事務
・立会参加者（監督・IC・外構担当）のスケジュール把握→営業事務
・余裕をもったお客様への候補日提示（〇週間前までに）→営業事務

・入金チャットでの入金報告の確認、お客様へのお礼連絡
・工事中アクシデントの各所への報連相",,安心して工事が進んでいることの確認及び見学,,,,営業,K,83,立会日時設定作業,お客様・ＩＣ・現場監督,,ボードが貼られるまで,,,,,,,,,立会日時設定作業,,,,,,,,,,
,,,,,,,,,,,,,J,84,お客様連絡作業,お客様,上棟立会日時,ボードが貼られるまで,ＬＩＮＥ,,,,,,,,,,,,お客様連絡作業,,,,,,
35,,２,34,完了検査～鍵渡し,S,"・現場監督へ竣工日の再確認
・余裕をもったお客様への鍵渡し候補日の提示（〇週間前までに）",,お引渡しの前に建物の傷の有無をチェックをするため,,,,営業,K,85,立会日時設定作業,現場監督・お客様,,引渡2週間～1週間前,,,,,,,,,立会日時設定作業,,,,,,,,,,
,,,,,,,,,,,,,J,86,お客様連絡作業,お客様,竣工立会日時,,ＬＩＮＥ,,,,,,,,,,,,お客様連絡作業,,,,,,
36,,２,35,,,,,完成した建物に対して費用をお支払いいただき少輔県が移転する状態,,,,営業,C,87,精算書作成作業,,,振込手続きまで,,,,,,,精算書作成作業,,,,,,,,,,,,
,,,,,,,,,,,,,J,88,融資機関・司法書士連絡作業,金融機関・司法書士,,,,,,,,,,,,,,,融資機関・司法書士連絡作業,,,,,,
37,,２,36,,,,,最終金の入金を確認後、建物をお渡しする状態,,,,営業,S,89,振込確認作業,経理部・金融機関,,カギ渡し前,経理部（入金チャット）,,,,,,,,,,振込確認作業,,,,,,,,
,,,,,,,,,,,,,C,90,カギ渡し作業,お客様,建築地本チャンキー,,,着金確認,,,,,カギ渡し作業,,,,,,,,,,,,
,,,,,,,,,,,,,J,91,紹介打診,,,,,,,,,,,,,,,,紹介打診,,,,,,
38,管理,2,38,最新営業状況反映,S,常に最新情報になるように指示,お客様情報の入力漏れ、忘れ、偽装,顧客情報の進捗の確認,,,,営業,K,93,営業スケジュール管理シート更新作業,,,毎週日曜日夜まで,スプレッドシート,,https://docs.google.com/spreadsheets/d/1iZUQCYGZ3M-iWdQpVYUGOzrfFXr4QgPQRg6O8C8lyA4/edit?gid=707441532#gid=707441532,,,,,,営業スケジュール管理シート更新作業,,,,,,,,,,
,,,,,,,,,,,,,J,94,報告作業,部門長,当月見込み顧客,毎週日曜日夜まで,,,,,,,,,,,,,報告作業,,,,,,
39,,3,39,数表管理（集計）★,S,意思決定に必要な情報を入れる,古い情報を残す、データ更新忘れ,目標達成のための現状把握,,,,部門長,J,95,営業スケジュール管理シート集計作業,,,毎週日曜日夜まで,スプレッドシート,正確な数字,https://docs.google.com/spreadsheets/d/1iZUQCYGZ3M-iWdQpVYUGOzrfFXr4QgPQRg6O8C8lyA4/edit?gid=707441532#gid=707441532,,,,,,,,,,営業スケジュール管理シート集計作業,,,,,,
,,4,40,数表管理（数字まとめ）★,S,意思決定に必要な情報を入れる,古い情報を残す、データ更新忘れ,,,,,,J,96,数字まとめ作業,,当月全体見込み数字,毎週日曜日夜まで,,正確な数字,https://docs.google.com/spreadsheets/d/1iZUQCYGZ3M-iWdQpVYUGOzrfFXr4QgPQRg6O8C8lyA4/edit?gid=707441532#gid=707441532,,,,,,,,,,数字まとめ作業,,,,,,
40,会議,5,41,経営会議★,S,経営に関わる事案の発信と共有,会議で決まった内容を営業に伝える,現在の問題点の改善改革及び対策を立てるため,,,,部門長,J,97,報告準備作業,,,毎週日曜日夜まで,,,,,,,,,,,,,報告準備作業,,,,,,
,,,,,,,,,,,,,J,98,発表作業,経営会議,当月見込み数字・意思決定内容,毎週月曜日経営会議,パワーポイント、ZOOM,,,,,,,,,,,,発表作業,,,,,,
41,,5,42,営業会議★,S,御客様の心の動きを考えた指示,営業の言葉を鵜呑みにして現状把握しない,年間契約数の目標数字の達成及び現状の把握、対策をするため,,,,部門長,J,99],議題作成作業,,,毎週日曜日夜まで,,,,,,,,,,,,,議題作成作業,,,,,,
,,,,,,,,,,,,,J,100,意思決定,営業部,決まり事、伝達事項,毎週月曜日営業部会,メモ帳、チャット、Googleミート,,,,,,,,,,,,意思決定,,,,,,
42,,5,43,マーケ・広告会議★,S,営業数辺りの集客数を意識しイベント作成,過去の傾向を考えずに策案する,年間集客の目標数字の達成及び現状の把握、対策をするため,,,,部門長,J,101,観察分析判断作業,,,,,,,,,,,,,,,,観察分析判断作業,,,,,,
,,,,,,,,,,,,,J,102,意思決定,広告部,,2週間に1回,Googleミート,,,,,,,,,,,,意思決定,,,,,,
43,,5,44,商品会議★,S,競合他社の情報の共有,エビデンスの無い思い付きの発言,各営業が売りやすくするための商品強化,,,,部門長,J,103,観察分析判断作業,,,,,,,,,,,,,,,,観察分析判断作業,,,,,,
,,,,,,,,,,,,,J,104,意思決定,商品企画部,,2週間に1回,Googleミート,,,,,,,,,,,,意思決定,,,,,,
44,,5,45,オペレーション会議会議★,S,新規契約・進行している案件の現状把握,当日までにリーダーが現状把握を出来ていない状態,各オペレーションが円滑に作業を行い、人時生産性を上げるため,,,,部門長,J,105,職務リスト作成作業,,,,,,,,,,,,,,,,職務リスト作成作業,,,,,,
,,,,,,,,,,,,,J,106,発表作業,,プロジェクト進捗率,毎週月曜日15時,Googleミート,,,,,,,,,,,,発表作業,,,,,,
46,,5,46,ボトム会議★,S,現状と未来を皆に分かりやすく伝える,方向や共有の漏れ,"会社のビジョン及び想いを浸透させること
各部門の現在の取り組みの共有",,,,部門長,J,109,月次資料作成,,,,パワーポイント,,,,,,,,,,,,月次資料作成,,,,,,
,,,,,,,,,,,,,J,110,全体発表,会社全体,前月営業数字・意思決定内容,毎月第1金曜日9時,ZOOM,,,,,,,,,,,,全体発表,,,,,,
48,集客,5,47,イベント★,S,資料請求や問い合わせからイベントに集客する,資料請求や問い合わせからのレスポンスが遅い事,最適な開催数の決定を戦略的に行うと同時にプレゼンテーションのアップデートや内容の改編も随時行う。,,,,部門長・リーダー,K,113,開催内容決定作業,,,イベント実施月の2月前,イベント管理表,,https://docs.google.com/spreadsheets/d/1j1TllahGbgVr5mGFdggu7rKbTKEoAbCpSyS_4FmvyqE/edit?gid=0#gid=0,,,,,,開催内容決定作業,,,,,,,,,,
,,,,,,,,,,,,,K,114,開催時期決定作業,,,イベント実施月の2月前,イベント管理表,,https://docs.google.com/spreadsheets/d/1j1TllahGbgVr5mGFdggu7rKbTKEoAbCpSyS_4FmvyqE/edit?gid=0#gid=0,,,,,,開催時期決定作業,,,,,,,,,,
,,,,,,,,,,,,,K,115,開催場所決定作業,,,イベント実施月の2月前,イベント管理表,,https://docs.google.com/spreadsheets/d/1j1TllahGbgVr5mGFdggu7rKbTKEoAbCpSyS_4FmvyqE/edit?gid=0#gid=0,,,,,,開催場所決定作業,,,,,,,,,,
,,,,,,,,,,,,,K,116,開催担当者割振作業,営業,イベント担当,イベント決定後,イベント管理表,,https://docs.google.com/spreadsheets/d/1j1TllahGbgVr5mGFdggu7rKbTKEoAbCpSyS_4FmvyqE/edit?gid=0#gid=0,,,,,,開催担当者割振作業,,,,,,,,,,
49,管理,4,48,計数★,S,現状把握をして大きな効果が出る施策の立案,漠然と数字を見て思考しない,現状を把握してキャンペーンを含めた戦略の重要指数とする,,,,部門長,J,117,限定会員保有数計数作業,,,,スプレッドシート,,,,,,,,,,,,限定会員保有数計数作業,,,,,,
,,,,,,,,,,,,,J,118,建築申込保有数計数作業,,,,スプレッドシート,,,,,,,,,,,,建築申込保有数計数作業,,,,,,
50,集客,4,49,YouTube,B,,,"Ｇハウスの商品を周知し、デザイン及び性能をお客様へ理解していただくため
",,,,部門長と営業,K,119,撮影顧客決定作業,お客様,撮影対象者,,,ＯＢ様,,,,,,,撮影顧客決定作業,,,,,,,,,,
,,,,,,,,,,,,,K,120,撮影日時決定作業,お客様,撮影日時,,,,,,,,,,撮影日時決定作業,,,,,,,,,,
,,,,,,,,,,,,,K,121,撮影作業,,,,,手袋・マスク,,,,,,,撮影作業,,,,,,,,,,
,,,,,,,,,,,,,J,122,施主様動画確認依頼作業,お客様,撮影動画内容,YouTube動画UP前,ＬＩＮＥ,,,,,,,,,,,,施主様動画確認依頼作業,,,,,,
51,潜在顧客,1,50,資料請求対応,B,,,永続的な受注のために長期名簿への緩やかな接触と情報の共有を長期目線で行う。,,,,営業,C,123,資料請求対応作業,お客様,イベント誘致,,,,,,,,資料請求対応作業,,,,,,,,,,,,
,,2,51,潜在顧客対応,S,イベントやキャンペーンなど最新情報を伝える,後追いをしない,,,,,,C,124,INFO対応作業,お客様,質疑応対,,,,,,,,INFO対応作業,,,,,,,,,,,,
,,,,,,,,,,,,,C,125,TEL対応作業,お客様,質疑応対・イベント誘致,,,,,,,,TEL対応作業,,,,,,,,,,,,
,,,,,,,,,,,,,C,126,SNSコメント対応,視聴者,返信コメント,,YouTube,,,,,,SNSコメント対応,,,,,,,,,,,,
52,解約,2,52,返金手続き★,B,"お客様から返金依頼があればすぐに上席に報告する。
返金フォーム（Googleフォーム）でのアンケートが必要な旨を伝える",勝手にＵＲＬをお客様へ送付する,お客さまが本当にGハウスではなくて良いのか、また誤解や営業に失礼な点は無かったか等を確認し、お客様に再検討の余地は無いかを確認し最後までお客様にご不満の無いようにする。,,,,リーダー,S,127,入力フォーム送信作業,,返金Googleフォーム,,メール,,,,,,,,,,入力フォーム送信作業,,,,,,,,
,,4,53,,,,,,,,,,S,128,フォームチェック作業,,,,,,,,,,,,,,フォームチェック作業,,,,,,,,
,,4,,,,,,,,,,,J,129,原因ヒアリング作業,,,,,,,,,,,,,,,,原因ヒアリング作業,,,,,,
,,2,54,,,,,,,,,,J,130,ヒアリング回答作業,営業担当者,返金原因,,,,,,,,,,,,,,ヒアリング回答作業,,,,,,
,,4,55,,,,,,,,,,S,131,経理依頼作業,経理部,返金依頼書,フォーム入力後1週間以内,スプレッドシート,,https://docs.google.com/spreadsheets/d/1Kaj2dUYVNxcXE9KO0G_IBB6XX7dz3W1uewG-c0gu_eA/edit?resourcekey=&gid=1871225094#gid=1871225094,,,,,,,,経理依頼作業,,,,,,,,
53,ストアコンパリゾン,１,56,他社競合調査,S,録音を取るなどただ見学するだけとならないようにする。,ストコンだと気づかれないようにする,他社を知ることで商談で不利にならない、むしろ有利になるように,,,,営業,J,132,競合先にお客様として営業を受ける,,,,,,,,,,,,,,,,競合先にお客様として営業を受ける,,,,,,
54,自社理解,１,57,企業コンセプト理解,S,会社方針及び営業原理原則を理解させる,ビジョンや10か条を知らない状態を作る,自社のコンセプトを熟知しお客様を迷わせない為,,,,営業,J,133,企業の理念を覚える,,,,,,,,,,,,,,,,企業の理念を覚える,,,,,,
,,,,,,,,自社に誇りを持ちGハウス営業としての行動指針を持つため,,,,営業,J,134,商品知識の投与,,,,,,,,,,,,,,,,商品知識の投与,,,,,,
55,自社商品理解,１,58,自社商品勉強,S,知識の不足を図るためにロープレやテストを実施する,動画視聴など任せっきりの教育,お客様へ誤った案内を行わない為、また自社の強みを知る為,,,,営業,C,135,アプローチブックの熟読,,,,,,,,,,アプローチブックの熟読,,,,,,,,,,,,
,,,,,,,,,,,,,C,136,セミナーでアウトプット,,,,,,,,,,セミナーでアウトプット,,,,,,,,,,,,
56,スケジュール,１,59,業務全体把握,S,資金と工期に目を張る,ギリギリで気づいて間に合わない状態,全体の業務を俯瞰して確認し、お客様へ間際で案内にならない為に,,,,部門長,K,137,週に一度の進捗表のチェック,,,,,,,,,,,,週に一度の進捗表のチェック,,,,,,,,,,
,,１,60,ローン業務,S,お客様の要望を聞いてどこの銀行がベターな選択になるか提案出来る状態にする,いつも使っている、案内が楽などの理由で銀行を紹介しない。,お客様への資金面での納得や資金の段取りを崩さない為,,,,営業,S,138,事前審査の必要資料の取得,,,,,,,,,,,,,,事前審査の必要資料の取得,,,,,,,,
,,,,,,,,,,,,,S,139,事前審査の申し込みのご案内,,,,,,,,,,,,,,事前審査の申し込みのご案内,,,,,,,,
,,１,61,建築関連法勉強,S,分からないことはすぐに上席へ聞く,部員のみで判断させない,図面出しや資金や工程に後に影響を起こさない為,,,,営業,C,140,申請毎の依頼前に役所におおよその期間の確認,,,,,,,,,,申請毎の依頼前に役所におおよその期間の確認,,,,,,,,,,,,
,,,,,,,,,,,,,C,141,プラン提案前の確認,,,,,,,,,,プラン提案前の確認,,,,,,,,,,,,
,,１,62,営業業務システム理解,B,,,入金・工程の不備を起こさない仕組みを理解する為,,,,部門長,K,142,入金遅れの確認,,,,,,,,,,,,入金遅れの確認,,,,,,,,,,
57,トラブル対応,２,63,トラブル初期対応,S,即行動、即報告,怒られることを嫌い、報告をしない,お客様に安心して頂き満足度の向上と解約の素子,,,,営業,J,132,お客様の不満不安の確認,,,,,,,,,,,,,,,,お客様の不満不安の確認,,,,,,
,,,,,,,,,,,,,J,133,事実確認,,,,,,,,,,,,,,,,事実確認,,,,,,
58,,４,64,トラブル解決対応,S,お気持ちに詫びて事実は曲げない,安易に御客様の過大な要望を受ける,"お客様に安心して頂き満足度の向上と解約の素子
",,,,営業,J,134,営業担当で解決,,,,,,,,,,,,,,,,営業担当で解決,,,,,,
,,,,,,,,,,,,,J,135,同じことが起きないよう短期対策、中長期対策を立てる,,,,,,,,,,,,,,,,同じことが起きないよう短期対策、中長期対策を立てる,,,,,,
59,,５,65,重大トラブル解決対応,S,お気持ちに詫びて事実は曲げない,安易に御客様の過大な要望を受ける,"お客様に安心して頂き満足度の向上と解約の素子
",,,,部門長,J,136,必要に応じて部門長と謝罪,,,,,,,,,,,,,,,,必要に応じて部門長と謝罪,,,,,,
,,,,,,,,,,,,,J,137,同じことが起きないよう短期対策、中長期対策を立てる,,,,,,,,,,,,,,,,同じことが起きないよう短期対策、中長期対策を立てる,,,,,,
60,教育,４,66,新人教育,S,Gハウス営業マンの在り方を説明,今までの経験で物事を進めさせること,等級１から２への昇格を実現する,,,,リーダー,C,138,学科テスト合格を目指す,,,,,,,,,,学科テスト合格を目指す,,,,,,,,,,,,
,,,,,,,,,,,,,C,139,ロープレテスト合格を目指す,,,,,,,,,,ロープレテスト合格を目指す,,,,,,,,,,,,
61,,４,67,トッププレイヤー育成,S,,,等級２から３への昇格を実現する,,,,リーダー,C,140,部下へのヒアリングをする,,,,,,,,,,部下へのヒアリングをする,,,,,,,,,,,,
,,,,,,,,,,,,,C,141,的確な行動指示を出す,,,,,,,,,,的確な行動指示を出す,,,,,,,,,,,,
62,,４,68,顧客への観察分析判断,S,"答えを言わずに考え方を教える
（例）.魚の取り方",人・モノ・時・敵・金に関して情報が不足する,部下の顧客へのアプローチをレクチャーする,,,,リーダー,C,142,上司と部下にて現在のお客様の状況確認,,,,,,,,,,上司と部下にて現在のお客様の状況確認,,,,,,,,,,,,
,,,,,,,,,,,,,C,143,的確な行動指示を出す,,,,,,,,,,的確な行動指示を出す,,,,,,,,,,,,
63,分析,４,69,営業成績の数値化,S,数値から状態を読み解く,悪い数字に対して無関心にならない,永続的な営業の数字を向上するための準備,,,,部門長,C,144,一週間に一度の表入力,,,,,,,,,,一週間に一度の表入力,,,,,,,,,,,,
64,,５,70,業務改善,S,決められた施策が行動になっているかを確認,施策や指針だけ決めて行動を確認していない,競合他社の長所と短所の明確化し、自社の営業トークに落とし込む,,,,部門長・リーダー,C,145,競合対策シートの熟読,,,,,,,,,,競合対策シートの熟読,,,,,,,,,,,,
65,,４,71,,,,,どのお客様が今月契約、来月契約などのスケジュールを管理する,,,,リーダー,C,146,一週間に一度進捗表の確認,,,,,,,,,,一週間に一度進捗表の確認,,,,,,,,,,,,
66,改善改革,３,72,観察・分析・判断,S,観察・分析・判断から行動に必ず移す,考えるだけで行動しない,組織をより円滑に運営するため,,,,全員,K,147,改善提案,,,,,,,,,,,,改善提案,,,,,,,,,,
,,,,,,,,,,,,,K,148,マニュアル作成,,,,,,,,,,,,マニュアル作成,,,,,,,,,,
67,店舗運営,4,73,店舗数値管理,S,現状の数字ではなく将来の数字を意識する,部下の報告を掘り下げない状態,会社全体の数値把握のため,,,,リーダー,C,149,各店舗の数値の進捗,,,,,,,,,,各店舗の数値の進捗,,,,,,,,,,,,
,,,,,,,,,,,,,C,150,見込み数をまとめる,,,,,,,,,,見込み数をまとめる,,,,,,,,,,,,
68,部門間改善,5,74,他部署への確認事項及び相談,S,疑義を生じた時点で即行動する,連絡がつながらなくても放置しない,部署間の業務を円滑にするため,,,,部門長,K,151,各部署へのヒアリング,,,,,,,,,,,,各部署へのヒアリング,,,,,,,,,,
69,事務強化,5,75,営業事務への指示,S,指示を出した後の報告まで追う,内容を確認せずに任せきる,営業事務の業務明確化,,,,部門長,K,153,既存業務の指示,,,,,,,,,,,,既存業務の指示,,,,,,,,,,
,,,,,,,,,,,,,K,154,新たな業務追加の指示,,,,,,,,,,,,新たな業務追加の指示,,,,,,,,,,
70,事務強化,5,76,営業事務の業務マニュアル化,S,作業レベルまで落とし込んだマニュアルの作成,作りっぱなしでアップデートしない,営業事務の業務すべてを全員ができる状態,,,,部門長,K,155,業務マニュアル化,,,,,,,,,,,,業務マニュアル化,,,,,,,,,,
,,,,,,,,,,,,,K,156,教育マニュアル化,,,,,,,,,,,,教育マニュアル化,,,,,,,,,,
71,店舗運営,5,77,チームリーダー教育,S,愛情を持ち接し愛情を伝える人物にする,干渉しすぎる事,店舗がチームリーダーのみで管理ができる状態にする,,,,部門長,C,157,数値から分析する方法の教育,,,,,,,,,,数値から分析する方法の教育,,,,,,,,,,,,
,,,,,,,,,,,,,J,158,コミュニケーションの取得,,,,,,,,,,,,,,,,コミュニケーションの取得,,,,,,
72,面接,5,78,面接,S,会社の理念や社長のビジョンを伝える,会社の理念や社長のビジョンを伝えない,営業及び営業事務の人員増加,,,,部門長,J,159,営業、営業事務の面接業務,,,,,,,,,,,,,,,,営業、営業事務の面接業務,,,,,,
,,,,,,,,,,,,,J,160,,,,,,,,,,,,,,,,,0,,,,,,
73,契約書チェック,5,79,契約書チェック,S,他部署に迷惑が掛からないようにチェックする,期日までにチェックをしない,契約書に間違いがないかのチェック,,,,部門長,J,164,契約書,,,,,,,,,,,,,,,,契約書,,,,,,
,,,,,,,,,,,,,J,165,,,,,,,,,,,,,,,,,0,,,,,,
74,,,,,,,,,,,,,,166,,,,,,,,,,,,,,,,,,,,,,,
,,,,,,,,,,,,,,167,,,,,,,,,,,,,,,,,,,,,,,
75,,,,,,,,,,,,,,168,,,,,,,,,,,,,,,,,,,,,,,
,,,,,,,,,,,,,,159,,,,,,,,,,,,,,,,,,,,,,,
76,,,,,,,,,,,,,,160,,,,,,,,,,,,,,,,,,,,,,,
,,,,,,,,,,,,,,161,,,,,,,,,,,,,,,,,,,,,,,
77,,,,,,,,,,,,,,162,,,,,,,,,,,,,,,,,,,,,,,
,,,,,,,,,,,,,,163,,,,,,,,,,,,,,,,,,,,,,,
78,,,,,,,,,,,,,,164,,,,,,,,,,,,,,,,,,,,,,,
,,,,,,,,,,,,,,165,,,,,,,,,,,,,,,,,,,,,,,
79,,,,,,,,,,,,,,166,,,,,,,,,,,,,,,,,,,,,,,
,,,,,,,,,,,,,,167,,,,,,,,,,,,,,,,,,,,,,,
80,,,,,,,,,,,,,,168,,,,,,,,,,,,,,,,,,,,,,,
,,,,,,,,,,,,,,169,,,,,,,,,,,,,,,,,,,,,,,
81,,,,,,,,,,,,,,170,,,,,,,,,,,,,,,,,,,,,,,
,,,,,,,,,,,,,,171,,,,,,,,,,,,,,,,,,,,,,,
82,,,,,,,,,,,,,,172,,,,,,,,,,,,,,,,,,,,,,,
,,,,,,,,,,,,,,173,,,,,,,,,,,,,,,,,,,,,,,
83,,,,,,,,,,,,,,174,,,,,,,,,,,,,,,,,,,,,,,
,,,,,,,,,,,,,,175,,,,,,,,,,,,,,,,,,,,,,,
84,,,,,,,,,,,,,,176,,,,,,,,,,,,,,,,,,,,,,,
,,,,,,,,,,,,,,177,,,,,,,,,,,,,,,,,,,,,,,
85,,,,,,,,,,,,,,178,,,,,,,,,,,,,,,,,,,,,,,
,,,,,,,,,,,,,,179,,,,,,,,,,,,,,,,,,,,,,,
86,,,,,,,,,,,,,,180,,,,,,,,,,,,,,,,,,,,,,,
,,,,,,,,,,,,,,181,,,,,,,,,,,,,,,,,,,,,,,
87,,,,,,,,,,,,,,182,,,,,,,,,,,,,,,,,,,,,,,
,,,,,,,,,,,,,,183,,,,,,,,,,,,,,,,,,,,,,,
88,,,,,,,,,,,,,,184,,,,,,,,,,,,,,,,,,,,,,,
,,,,,,,,,,,,,,264,,,,,,,,,,,,,,,,,,,,,,,
89,,,,,,,,,,,,,,265,,,,,,,,,,,,,,,,,,,,,,,
,,,,,,,,,,,,,,266,,,,,,,,,,,,,,,,,,,,,,,
90,,,,,,,,,,,,,,267,,,,,,,,,,,,,,,,,,,,,,,
,,,,,,,,,,,,,,268,,,,,,,,,,,,,,,,,,,,,,,
91,,,,,,,,,,,,,,269,,,,,,,,,,,,,,,,,,,,,,,
,,,,,,,,,,,,,,270,,,,,,,,,,,,,,,,,,,,,,,
92,,,,,,,,,,,,,,271,,,,,,,,,,,,,,,,,,,,,,,
,,,,,,,,,,,,,,272,,,,,,,,,,,,,,,,,,,,,,,
93,,,,,,,,,,,,,,273,,,,,,,,,,,,,,,,,,,,,,,
,,,,,,,,,,,,,,274,,,,,,,,,,,,,,,,,,,,,,,
94,,,,,,,,,,,,,,275,,,,,,,,,,,,,,,,,,,,,,,
,,,,,,,,,,,,,,276,,,,,,,,,,,,,,,,,,,,,,,
95,,,,,,,,,,,,,,277,,,,,,,,,,,,,,,,,,,,,,,
,,,,,,,,,,,,,,278,,,,,,,,,,,,,,,,,,,,,,,
96,,,,,,,,,,,,,,279,,,,,,,,,,,,,,,,,,,,,,,
,,,,,,,,,,,,,,280,,,,,,,,,,,,,,,,,,,,,,,
97,,,,,,,,,,,,,,281,,,,,,,,,,,,,,,,,,,,,,,
,,,,,,,,,,,,,,282,,,,,,,,,,,,,,,,,,,,,,,
98,,,,,,,,,,,,,,283,,,,,,,,,,,,,,,,,,,,,,,
,,,,,,,,,,,,,,284,,,,,,,,,,,,,,,,,,,,,,,
99,,,,,,,,,,,,,,285,,,,,,,,,,,,,,,,,,,,,,,
,,,,,,,,,,,,,,286,,,,,,,,,,,,,,,,,,,,,,,
100,,,,,,,,,,,,,,287,,,,,,,,,,,,,,,,,,,,,,,
,,,,,,,,,,,,,,288,,,,,,,,,,,,,,,,,,,,,,,
101,,,,,,,,,,,,,,289,,,,,,,,,,,,,,,,,,,,,,,
,,,,,,,,,,,,,,290,,,,,,,,,,,,,,,,,,,,,,,
102,,,,,,,,,,,,,,291,,,,,,,,,,,,,,,,,,,,,,,
,,,,,,,,,,,,,,292,,,,,,,,,,,,,,,,,,,,,,,
103,,,,,,,,,,,,,,293,,,,,,,,,,,,,,,,,,,,,,,
,,,,,,,,,,,,,,294,,,,,,,,,,,,,,,,,,,,,,,
104,,,,,,,,,,,,,,295,,,,,,,,,,,,,,,,,,,,,,,
,,,,,,,,,,,,,,296,,,,,,,,,,,,,,,,,,,,,,,
105,,,,,,,,,,,,,,297,,,,,,,,,,,,,,,,,,,,,,,
,,,,,,,,,,,,,,298,,,,,,,,,,,,,,,,,,,,,,,
106,,,,,,,,,,,,,,299,,,,,,,,,,,,,,,,,,,,,,,
,,,,,,,,,,,,,,300,,,,,,,,,,,,,,,,,,,,,,,
107,,,,,,,,,,,,,,301,,,,,,,,,,,,,,,,,,,,,,,
,,,,,,,,,,,,,,302,,,,,,,,,,,,,,,,,,,,,,,
108,,,,,,,,,,,,,,303,,,,,,,,,,,,,,,,,,,,,,,
,,,,,,,,,,,,,,304,,,,,,,,,,,,,,,,,,,,,,,
109,,,,,,,,,,,,,,305,,,,,,,,,,,,,,,,,,,,,,,
,,,,,,,,,,,,,,306,,,,,,,,,,,,,,,,,,,,,,,
110,,,,,,,,,,,,,,307,,,,,,,,,,,,,,,,,,,,,,,
,,,,,,,,,,,,,,308,,,,,,,,,,,,,,,,,,,,,,,
111,,,,,,,,,,,,,,309,,,,,,,,,,,,,,,,,,,,,,,
,,,,,,,,,,,,,,310,,,,,,,,,,,,,,,,,,,,,,,
112,,,,,,,,,,,,,,311,,,,,,,,,,,,,,,,,,,,,,,
,,,,,,,,,,,,,,312,,,,,,,,,,,,,,,,,,,,,,,
113,,,,,,,,,,,,,,313,,,,,,,,,,,,,,,,,,,,,,,
,,,,,,,,,,,,,,314,,,,,,,,,,,,,,,,,,,,,,,
114,,,,,,,,,,,,,,315,,,,,,,,,,,,,,,,,,,,,,,
,,,,,,,,,,,,,,316,,,,,,,,,,,,,,,,,,,,,,,
115,,,,,,,,,,,,,,317,,,,,,,,,,,,,,,,,,,,,,,
,,,,,,,,,,,,,,318,,,,,,,,,,,,,,,,,,,,,,,
116,,,,,,,,,,,,,,319,,,,,,,,,,,,,,,,,,,,,,,
,,,,,,,,,,,,,,320,,,,,,,,,,,,,,,,,,,,,,,
117,,,,,,,,,,,,,,321,,,,,,,,,,,,,,,,,,,,,,,
,,,,,,,,,,,,,,322,,,,,,,,,,,,,,,,,,,,,,,
118,,,,,,,,,,,,,,323,,,,,,,,,,,,,,,,,,,,,,,
,,,,,,,,,,,,,,324,,,,,,,,,,,,,,,,,,,,,,,
119,,,,,,,,,,,,,,325,,,,,,,,,,,,,,,,,,,,,,,
,,,,,,,,,,,,,,326,,,,,,,,,,,,,,,,,,,,,,,
120,,,,,,,,,,,,,,327,,,,,,,,,,,,,,,,,,,,,,,
,,,,,,,,,,,,,,328,,,,,,,,,,,,,,,,,,,,,,,
121,,,,,,,,,,,,,,329,,,,,,,,,,,,,,,,,,,,,,,
,,,,,,,,,,,,,,330,,,,,,,,,,,,,,,,,,,,,,,
122,,,,,,,,,,,,,,331,,,,,,,,,,,,,,,,,,,,,,,
,,,,,,,,,,,,,,332,,,,,,,,,,,,,,,,,,,,,,,
123,,,,,,,,,,,,,,333,,,,,,,,,,,,,,,,,,,,,,,
,,,,,,,,,,,,,,334,,,,,,,,,,,,,,,,,,,,,,,
124,,,,,,,,,,,,,,335,,,,,,,,,,,,,,,,,,,,,,,
,,,,,,,,,,,,,,336,,,,,,,,,,,,,,,,,,,,,,,
125,,,,,,,,,,,,,,337,,,,,,,,,,,,,,,,,,,,,,,
,,,,,,,,,,,,,,338,,,,,,,,,,,,,,,,,,,,,,,
126,,,,,,,,,,,,,,339,,,,,,,,,,,,,,,,,,,,,,,
,,,,,,,,,,,,,,340,,,,,,,,,,,,,,,,,,,,,,,
127,,,,,,,,,,,,,,341,,,,,,,,,,,,,,,,,,,,,,,
,,,,,,,,,,,,,,342,,,,,,,,,,,,,,,,,,,,,,,
19,,,,,,,,,,,,,,343,,,,,,,,,,,,,,,,,,,,,,,
,,,,,,,,,,,,,,,,,,,,,,,,,,,,,,,,,,,,,
,,,,,,,,,,,,,,,,,,,,,,,,,,,,,,,,,,,,,
,分類例,,,,,,,,,,,,,,,,,,,,,,,,,,,,,,,,,,,,
,・人,業者選定,,,,,,,,,,,,,,,,,,,,,,,,,,,,,,,,,,,
,・スケジュール,,,,,,,,,,,,,,,,,,,,,,,,,,,,,,,,,,,,
,・金（入金）,,,,,,,,,,,,,,,,,,,,,,,,,,,,,,,,,,,,
,・情報,,,,,,,,,,,,,,,,,,,,,,,,,,,,,,,,,,,,
,・品質,営業トーク,,,,,,,,,,,,,,,,,,,,,,,,,,,,,,,,,,,
,,,,,,,,,,,,,,,,,,,,,,,,,,,,,,,,,,,,,
,,,,,,,,,,,,,,,,,,,,,,,,,,,,,,,,,,,,,
,,,,,,,,,,,,,,,,,,,,,,,,,,,,,,,,,,,,,
,,,,,,,,,,,,,,,,,,,,,,,,,,,,,,,,,,,,,
,,,,,,,,,,,,,,,,,,,,,,,,,,,,,,,,,,,,,
,,,,,,,,,,,,,,,,,,,,,,,,,,,,,,,,,,,,,
,,,,,,,,,,,,,,,,,,,,,,,,,,,,,,,,,,,,,
,,,,,,,,,,,,,,,,,,,,,,,,,,,,,,,,,,,,,
,,,,,,,,,,,,,,,,,,,,,,,,,,,,,,,,,,,,,
,,,,,,,,,,,,,,,,,,,,,,,,,,,,,,,,,,,,,
,,,,,,,,,,,,,,,,,,,,,,,,,,,,,,,,,,,,,
,,,,,,,,,,,,,,,,,,,,,,,,,,,,,,,,,,,,,
,,,,,,,,,,,,,,,,,,,,,,,,,,,,,,,,,,,,,
,,,,,,,,,,,,,,,,,,,,,,,,,,,,,,,,,,,,,
,,,,,,,,,,,,,,,,,,,,,,,,,,,,,,,,,,,,,
,,,,,,,,,,,,,,,,,,,,,,,,,,,,,,,,,,,,,
,,,,,,,,,,,,,,,,,,,,,,,,,,,,,,,,,,,,,
,,,,,,,,,,,,,,,,,,,,,,,,,,,,,,,,,,,,,
,,,,,,,,,,,,,,,,,,,,,,,,,,,,,,,,,,,,,
,,,,,,,,,,,,,,,,,,,,,,,,,,,,,,,,,,,,,
,,,,,,,,,,,,,,,,,,,,,,,,,,,,,,,,,,,,,
,,,,,,,,,,,,,,,,,,,,,,,,,,,,,,,,,,,,,
,,,,,,,,,,,,,,,,,,,,,,,,,,,,,,,,,,,,,
,,,,,,,,,,,,,,,,,,,,,,,,,,,,,,,,,,,,,
,,,,,,,,,,,,,,,,,,,,,,,,,,,,,,,,,,,,,
,,,,,,,,,,,,,,,,,,,,,,,,,,,,,,,,,,,,,
,,,,,,,,,,,,,,,,,,,,,,,,,,,,,,,,,,,,,
,,,,,,,,,,,,,,,,,,,,,,,,,,,,,,,,,,,,,
,,,,,,,,,,,,,,,,,,,,,,,,,,,,,,,,,,,,,
,,,,,,,,,,,,,,,,,,,,,,,,,,,,,,,,,,,,,
,,,,,,,,,,,,,,,,,,,,,,,,,,,,,,,,,,,,,
,,,,,,,,,,,,,,,,,,,,,,,,,,,,,,,,,,,,,
,,,,,,,,,,,,,,,,,,,,,,,,,,,,,,,,,,,,,
,,,,,,,,,,,,,,,,,,,,,,,,,,,,,,,,,,,,,
,,,,,,,,,,,,,,,,,,,,,,,,,,,,,,,,,,,,,
,,,,,,,,,,,,,,,,,,,,,,,,,,,,,,,,,,,,,
,,,,,,,,,,,,,,,,,,,,,,,,,,,,,,,,,,,,,
,,,,,,,,,,,,,,,,,,,,,,,,,,,,,,,,,,,,,
,,,,,,,,,,,,,,,,,,,,,,,,,,,,,,,,,,,,,
,,,,,,,,,,,,,,,,,,,,,,,,,,,,,,,,,,,,,
,,,,,,,,,,,,,,,,,,,,,,,,,,,,,,,,,,,,,
,,,,,,,,,,,,,,,,,,,,,,,,,,,,,,,,,,,,,
,,,,,,,,,,,,,,,,,,,,,,,,,,,,,,,,,,,,,
,,,,,,,,,,,,,,,,,,,,,,,,,,,,,,,,,,,,,
,,,,,,,,,,,,,,,,,,,,,,,,,,,,,,,,,,,,,
,,,,,,,,,,,,,,,,,,,,,,,,,,,,,,,,,,,,,
,,,,,,,,,,,,,,,,,,,,,,,,,,,,,,,,,,,,,
,,,,,,,,,,,,,,,,,,,,,,,,,,,,,,,,,,,,,
,,,,,,,,,,,,,,,,,,,,,,,,,,,,,,,,,,,,,
,,,,,,,,,,,,,,,,,,,,,,,,,,,,,,,,,,,,,
,,,,,,,,,,,,,,,,,,,,,,,,,,,,,,,,,,,,,
,,,,,,,,,,,,,,,,,,,,,,,,,,,,,,,,,,,,,
,,,,,,,,,,,,,,,,,,,,,,,,,,,,,,,,,,,,,
,,,,,,,,,,,,,,,,,,,,,,,,,,,,,,,,,,,,,
,,,,,,,,,,,,,,,,,,,,,,,,,,,,,,,,,,,,,
,,,,,,,,,,,,,,,,,,,,,,,,,,,,,,,,,,,,,
,,,,,,,,,,,,,,,,,,,,,,,,,,,,,,,,,,,,,
,,,,,,,,,,,,,,,,,,,,,,,,,,,,,,,,,,,,,
,,,,,,,,,,,,,,,,,,,,,,,,,,,,,,,,,,,,,
,,,,,,,,,,,,,,,,,,,,,,,,,,,,,,,,,,,,,
,,,,,,,,,,,,,,,,,,,,,,,,,,,,,,,,,,,,,
,,,,,,,,,,,,,,,,,,,,,,,,,,,,,,,,,,,,,
,,,,,,,,,,,,,,,,,,,,,,,,,,,,,,,,,,,,,
,,,,,,,,,,,,,,,,,,,,,,,,,,,,,,,,,,,,,
,,,,,,,,,,,,,,,,,,,,,,,,,,,,,,,,,,,,,
,,,,,,,,,,,,,,,,,,,,,,,,,,,,,,,,,,,,,
,,,,,,,,,,,,,,,,,,,,,,,,,,,,,,,,,,,,,
,,,,,,,,,,,,,,,,,,,,,,,,,,,,,,,,,,,,,
,,,,,,,,,,,,,,,,,,,,,,,,,,,,,,,,,,,,,
,,,,,,,,,,,,,,,,,,,,,,,,,,,,,,,,,,,,,
,,,,,,,,,,,,,,,,,,,,,,,,,,,,,,,,,,,,,
,,,,,,,,,,,,,,,,,,,,,,,,,,,,,,,,,,,,,
,,,,,,,,,,,,,,,,,,,,,,,,,,,,,,,,,,,,,
,,,,,,,,,,,,,,,,,,,,,,,,,,,,,,,,,,,,,
,,,,,,,,,,,,,,,,,,,,,,,,,,,,,,,,,,,,,
,,,,,,,,,,,,,,,,,,,,,,,,,,,,,,,,,,,,,
,,,,,,,,,,,,,,,,,,,,,,,,,,,,,,,,,,,,,
,,,,,,,,,,,,,,,,,,,,,,,,,,,,,,,,,,,,,
,,,,,,,,,,,,,,,,,,,,,,,,,,,,,,,,,,,,,
,,,,,,,,,,,,,,,,,,,,,,,,,,,,,,,,,,,,,
,,,,,,,,,,,,,,,,,,,,,,,,,,,,,,,,,,,,,
,,,,,,,,,,,,,,,,,,,,,,,,,,,,,,,,,,,,,
,,,,,,,,,,,,,,,,,,,,,,,,,,,,,,,,,,,,,
,,,,,,,,,,,,,,,,,,,,,,,,,,,,,,,,,,,,,
,,,,,,,,,,,,,,,,,,,,,,,,,,,,,,,,,,,,,
,,,,,,,,,,,,,,,,,,,,,,,,,,,,,,,,,,,,,
,,,,,,,,,,,,,,,,,,,,,,,,,,,,,,,,,,,,,
,,,,,,,,,,,,,,,,,,,,,,,,,,,,,,,,,,,,,
,,,,,,,,,,,,,,,,,,,,,,,,,,,,,,,,,,,,,
,,,,,,,,,,,,,,,,,,,,,,,,,,,,,,,,,,,,,
,,,,,,,,,,,,,,,,,,,,,,,,,,,,,,,,,,,,,
,,,,,,,,,,,,,,,,,,,,,,,,,,,,,,,,,,,,,
,,,,,,,,,,,,,,,,,,,,,,,,,,,,,,,,,,,,,
,,,,,,,,,,,,,,,,,,,,,,,,,,,,,,,,,,,,,
,,,,,,,,,,,,,,,,,,,,,,,,,,,,,,,,,,,,,
,,,,,,,,,,,,,,,,,,,,,,,,,,,,,,,,,,,,,
,,,,,,,,,,,,,,,,,,,,,,,,,,,,,,,,,,,,,
,,,,,,,,,,,,,,,,,,,,,,,,,,,,,,,,,,,,,
,,,,,,,,,,,,,,,,,,,,,,,,,,,,,,,,,,,,,
,,,,,,,,,,,,,,,,,,,,,,,,,,,,,,,,,,,,,
,,,,,,,,,,,,,,,,,,,,,,,,,,,,,,,,,,,,,
,,,,,,,,,,,,,,,,,,,,,,,,,,,,,,,,,,,,,
,,,,,,,,,,,,,,,,,,,,,,,,,,,,,,,,,,,,,
,,,,,,,,,,,,,,,,,,,,,,,,,,,,,,,,,,,,,
,,,,,,,,,,,,,,,,,,,,,,,,,,,,,,,,,,,,,
,,,,,,,,,,,,,,,,,,,,,,,,,,,,,,,,,,,,,
,,,,,,,,,,,,,,,,,,,,,,,,,,,,,,,,,,,,,
,,,,,,,,,,,,,,,,,,,,,,,,,,,,,,,,,,,,,
,,,,,,,,,,,,,,,,,,,,,,,,,,,,,,,,,,,,,
,,,,,,,,,,,,,,,,,,,,,,,,,,,,,,,,,,,,,
,,,,,,,,,,,,,,,,,,,,,,,,,,,,,,,,,,,,,
,,,,,,,,,,,,,,,,,,,,,,,,,,,,,,,,,,,,,
,,,,,,,,,,,,,,,,,,,,,,,,,,,,,,,,,,,,,
,,,,,,,,,,,,,,,,,,,,,,,,,,,,,,,,,,,,,
,,,,,,,,,,,,,,,,,,,,,,,,,,,,,,,,,,,,,
,,,,,,,,,,,,,,,,,,,,,,,,,,,,,,,,,,,,,
,,,,,,,,,,,,,,,,,,,,,,,,,,,,,,,,,,,,,
,,,,,,,,,,,,,,,,,,,,,,,,,,,,,,,,,,,,,
,,,,,,,,,,,,,,,,,,,,,,,,,,,,,,,,,,,,,
,,,,,,,,,,,,,,,,,,,,,,,,,,,,,,,,,,,,,
,,,,,,,,,,,,,,,,,,,,,,,,,,,,,,,,,,,,,
,,,,,,,,,,,,,,,,,,,,,,,,,,,,,,,,,,,,,
,,,,,,,,,,,,,,,,,,,,,,,,,,,,,,,,,,,,,
,,,,,,,,,,,,,,,,,,,,,,,,,,,,,,,,,,,,,
,,,,,,,,,,,,,,,,,,,,,,,,,,,,,,,,,,,,,
,,,,,,,,,,,,,,,,,,,,,,,,,,,,,,,,,,,,,
,,,,,,,,,,,,,,,,,,,,,,,,,,,,,,,,,,,,,
,,,,,,,,,,,,,,,,,,,,,,,,,,,,,,,,,,,,,
,,,,,,,,,,,,,,,,,,,,,,,,,,,,,,,,,,,,,
,,,,,,,,,,,,,,,,,,,,,,,,,,,,,,,,,,,,,
,,,,,,,,,,,,,,,,,,,,,,,,,,,,,,,,,,,,,
,,,,,,,,,,,,,,,,,,,,,,,,,,,,,,,,,,,,,
,,,,,,,,,,,,,,,,,,,,,,,,,,,,,,,,,,,,,
,,,,,,,,,,,,,,,,,,,,,,,,,,,,,,,,,,,,,
,,,,,,,,,,,,,,,,,,,,,,,,,,,,,,,,,,,,,
,,,,,,,,,,,,,,,,,,,,,,,,,,,,,,,,,,,,,
,,,,,,,,,,,,,,,,,,,,,,,,,,,,,,,,,,,,,
,,,,,,,,,,,,,,,,,,,,,,,,,,,,,,,,,,,,,
,,,,,,,,,,,,,,,,,,,,,,,,,,,,,,,,,,,,,
,,,,,,,,,,,,,,,,,,,,,,,,,,,,,,,,,,,,,
,,,,,,,,,,,,,,,,,,,,,,,,,,,,,,,,,,,,,
,,,,,,,,,,,,,,,,,,,,,,,,,,,,,,,,,,,,,
,,,,,,,,,,,,,,,,,,,,,,,,,,,,,,,,,,,,,
,,,,,,,,,,,,,,,,,,,,,,,,,,,,,,,,,,,,,
,,,,,,,,,,,,,,,,,,,,,,,,,,,,,,,,,,,,,
,,,,,,,,,,,,,,,,,,,,,,,,,,,,,,,,,,,,,
,,,,,,,,,,,,,,,,,,,,,,,,,,,,,,,,,,,,,
,,,,,,,,,,,,,,,,,,,,,,,,,,,,,,,,,,,,,
,,,,,,,,,,,,,,,,,,,,,,,,,,,,,,,,,,,,,
,,,,,,,,,,,,,,,,,,,,,,,,,,,,,,,,,,,,,
,,,,,,,,,,,,,,,,,,,,,,,,,,,,,,,,,,,,,
,,,,,,,,,,,,,,,,,,,,,,,,,,,,,,,,,,,,,
,,,,,,,,,,,,,,,,,,,,,,,,,,,,,,,,,,,,,
,,,,,,,,,,,,,,,,,,,,,,,,,,,,,,,,,,,,,
,,,,,,,,,,,,,,,,,,,,,,,,,,,,,,,,,,,,,
,,,,,,,,,,,,,,,,,,,,,,,,,,,,,,,,,,,,,
,,,,,,,,,,,,,,,,,,,,,,,,,,,,,,,,,,,,,
,,,,,,,,,,,,,,,,,,,,,,,,,,,,,,,,,,,,,
,,,,,,,,,,,,,,,,,,,,,,,,,,,,,,,,,,,,,
,,,,,,,,,,,,,,,,,,,,,,,,,,,,,,,,,,,,,
,,,,,,,,,,,,,,,,,,,,,,,,,,,,,,,,,,,,,
,,,,,,,,,,,,,,,,,,,,,,,,,,,,,,,,,,,,,
,,,,,,,,,,,,,,,,,,,,,,,,,,,,,,,,,,,,,
,,,,,,,,,,,,,,,,,,,,,,,,,,,,,,,,,,,,,
,,,,,,,,,,,,,,,,,,,,,,,,,,,,,,,,,,,,,
,,,,,,,,,,,,,,,,,,,,,,,,,,,,,,,,,,,,,
,,,,,,,,,,,,,,,,,,,,,,,,,,,,,,,,,,,,,
,,,,,,,,,,,,,,,,,,,,,,,,,,,,,,,,,,,,,
,,,,,,,,,,,,,,,,,,,,,,,,,,,,,,,,,,,,,
,,,,,,,,,,,,,,,,,,,,,,,,,,,,,,,,,,,,,
,,,,,,,,,,,,,,,,,,,,,,,,,,,,,,,,,,,,,
,,,,,,,,,,,,,,,,,,,,,,,,,,,,,,,,,,,,,
,,,,,,,,,,,,,,,,,,,,,,,,,,,,,,,,,,,,,
,,,,,,,,,,,,,,,,,,,,,,,,,,,,,,,,,,,,,
,,,,,,,,,,,,,,,,,,,,,,,,,,,,,,,,,,,,,
,,,,,,,,,,,,,,,,,,,,,,,,,,,,,,,,,,,,,
,,,,,,,,,,,,,,,,,,,,,,,,,,,,,,,,,,,,,
,,,,,,,,,,,,,,,,,,,,,,,,,,,,,,,,,,,,,
,,,,,,,,,,,,,,,,,,,,,,,,,,,,,,,,,,,,,
,,,,,,,,,,,,,,,,,,,,,,,,,,,,,,,,,,,,,
,,,,,,,,,,,,,,,,,,,,,,,,,,,,,,,,,,,,,
,,,,,,,,,,,,,,,,,,,,,,,,,,,,,,,,,,,,,
,,,,,,,,,,,,,,,,,,,,,,,,,,,,,,,,,,,,,
,,,,,,,,,,,,,,,,,,,,,,,,,,,,,,,,,,,,,
,,,,,,,,,,,,,,,,,,,,,,,,,,,,,,,,,,,,,
,,,,,,,,,,,,,,,,,,,,,,,,,,,,,,,,,,,,,
,,,,,,,,,,,,,,,,,,,,,,,,,,,,,,,,,,,,,
,,,,,,,,,,,,,,,,,,,,,,,,,,,,,,,,,,,,,
,,,,,,,,,,,,,,,,,,,,,,,,,,,,,,,,,,,,,
,,,,,,,,,,,,,,,,,,,,,,,,,,,,,,,,,,,,,
,,,,,,,,,,,,,,,,,,,,,,,,,,,,,,,,,,,,,
,,,,,,,,,,,,,,,,,,,,,,,,,,,,,,,,,,,,,
,,,,,,,,,,,,,,,,,,,,,,,,,,,,,,,,,,,,,
,,,,,,,,,,,,,,,,,,,,,,,,,,,,,,,,,,,,,
,,,,,,,,,,,,,,,,,,,,,,,,,,,,,,,,,,,,,
,,,,,,,,,,,,,,,,,,,,,,,,,,,,,,,,,,,,,
,,,,,,,,,,,,,,,,,,,,,,,,,,,,,,,,,,,,,
,,,,,,,,,,,,,,,,,,,,,,,,,,,,,,,,,,,,,
,,,,,,,,,,,,,,,,,,,,,,,,,,,,,,,,,,,,,
,,,,,,,,,,,,,,,,,,,,,,,,,,,,,,,,,,,,,
,,,,,,,,,,,,,,,,,,,,,,,,,,,,,,,,,,,,,
,,,,,,,,,,,,,,,,,,,,,,,,,,,,,,,,,,,,,
,,,,,,,,,,,,,,,,,,,,,,,,,,,,,,,,,,,,,
,,,,,,,,,,,,,,,,,,,,,,,,,,,,,,,,,,,,,
,,,,,,,,,,,,,,,,,,,,,,,,,,,,,,,,,,,,,
,,,,,,,,,,,,,,,,,,,,,,,,,,,,,,,,,,,,,
,,,,,,,,,,,,,,,,,,,,,,,,,,,,,,,,,,,,,
,,,,,,,,,,,,,,,,,,,,,,,,,,,,,,,,,,,,,
,,,,,,,,,,,,,,,,,,,,,,,,,,,,,,,,,,,,,
,,,,,,,,,,,,,,,,,,,,,,,,,,,,,,,,,,,,,
,,,,,,,,,,,,,,,,,,,,,,,,,,,,,,,,,,,,,
,,,,,,,,,,,,,,,,,,,,,,,,,,,,,,,,,,,,,
,,,,,,,,,,,,,,,,,,,,,,,,,,,,,,,,,,,,,
,,,,,,,,,,,,,,,,,,,,,,,,,,,,,,,,,,,,,
,,,,,,,,,,,,,,,,,,,,,,,,,,,,,,,,,,,,,
,,,,,,,,,,,,,,,,,,,,,,,,,,,,,,,,,,,,,
,,,,,,,,,,,,,,,,,,,,,,,,,,,,,,,,,,,,,
,,,,,,,,,,,,,,,,,,,,,,,,,,,,,,,,,,,,,
,,,,,,,,,,,,,,,,,,,,,,,,,,,,,,,,,,,,,
,,,,,,,,,,,,,,,,,,,,,,,,,,,,,,,,,,,,,
,,,,,,,,,,,,,,,,,,,,,,,,,,,,,,,,,,,,,
,,,,,,,,,,,,,,,,,,,,,,,,,,,,,,,,,,,,,
,,,,,,,,,,,,,,,,,,,,,,,,,,,,,,,,,,,,,
,,,,,,,,,,,,,,,,,,,,,,,,,,,,,,,,,,,,,
,,,,,,,,,,,,,,,,,,,,,,,,,,,,,,,,,,,,,
,,,,,,,,,,,,,,,,,,,,,,,,,,,,,,,,,,,,,
,,,,,,,,,,,,,,,,,,,,,,,,,,,,,,,,,,,,,
,,,,,,,,,,,,,,,,,,,,,,,,,,,,,,,,,,,,,
,,,,,,,,,,,,,,,,,,,,,,,,,,,,,,,,,,,,,
,,,,,,,,,,,,,,,,,,,,,,,,,,,,,,,,,,,,,
,,,,,,,,,,,,,,,,,,,,,,,,,,,,,,,,,,,,,
,,,,,,,,,,,,,,,,,,,,,,,,,,,,,,,,,,,,,
,,,,,,,,,,,,,,,,,,,,,,,,,,,,,,,,,,,,,
,,,,,,,,,,,,,,,,,,,,,,,,,,,,,,,,,,,,,
,,,,,,,,,,,,,,,,,,,,,,,,,,,,,,,,,,,,,
,,,,,,,,,,,,,,,,,,,,,,,,,,,,,,,,,,,,,
,,,,,,,,,,,,,,,,,,,,,,,,,,,,,,,,,,,,,
,,,,,,,,,,,,,,,,,,,,,,,,,,,,,,,,,,,,,
,,,,,,,,,,,,,,,,,,,,,,,,,,,,,,,,,,,,,
,,,,,,,,,,,,,,,,,,,,,,,,,,,,,,,,,,,,,
,,,,,,,,,,,,,,,,,,,,,,,,,,,,,,,,,,,,,
,,,,,,,,,,,,,,,,,,,,,,,,,,,,,,,,,,,,,
,,,,,,,,,,,,,,,,,,,,,,,,,,,,,,,,,,,,,
,,,,,,,,,,,,,,,,,,,,,,,,,,,,,,,,,,,,,
,,,,,,,,,,,,,,,,,,,,,,,,,,,,,,,,,,,,,
,,,,,,,,,,,,,,,,,,,,,,,,,,,,,,,,,,,,,
,,,,,,,,,,,,,,,,,,,,,,,,,,,,,,,,,,,,,
,,,,,,,,,,,,,,,,,,,,,,,,,,,,,,,,,,,,,
,,,,,,,,,,,,,,,,,,,,,,,,,,,,,,,,,,,,,
,,,,,,,,,,,,,,,,,,,,,,,,,,,,,,,,,,,,,
,,,,,,,,,,,,,,,,,,,,,,,,,,,,,,,,,,,,,
,,,,,,,,,,,,,,,,,,,,,,,,,,,,,,,,,,,,,
,,,,,,,,,,,,,,,,,,,,,,,,,,,,,,,,,,,,,
,,,,,,,,,,,,,,,,,,,,,,,,,,,,,,,,,,,,,
,,,,,,,,,,,,,,,,,,,,,,,,,,,,,,,,,,,,,
,,,,,,,,,,,,,,,,,,,,,,,,,,,,,,,,,,,,,
,,,,,,,,,,,,,,,,,,,,,,,,,,,,,,,,,,,,,
,,,,,,,,,,,,,,,,,,,,,,,,,,,,,,,,,,,,,
,,,,,,,,,,,,,,,,,,,,,,,,,,,,,,,,,,,,,
,,,,,,,,,,,,,,,,,,,,,,,,,,,,,,,,,,,,,
,,,,,,,,,,,,,,,,,,,,,,,,,,,,,,,,,,,,,
,,,,,,,,,,,,,,,,,,,,,,,,,,,,,,,,,,,,,
,,,,,,,,,,,,,,,,,,,,,,,,,,,,,,,,,,,,,
,,,,,,,,,,,,,,,,,,,,,,,,,,,,,,,,,,,,,
,,,,,,,,,,,,,,,,,,,,,,,,,,,,,,,,,,,,,
,,,,,,,,,,,,,,,,,,,,,,,,,,,,,,,,,,,,,
,,,,,,,,,,,,,,,,,,,,,,,,,,,,,,,,,,,,,
,,,,,,,,,,,,,,,,,,,,,,,,,,,,,,,,,,,,,
,,,,,,,,,,,,,,,,,,,,,,,,,,,,,,,,,,,,,
,,,,,,,,,,,,,,,,,,,,,,,,,,,,,,,,,,,,,
,,,,,,,,,,,,,,,,,,,,,,,,,,,,,,,,,,,,,
,,,,,,,,,,,,,,,,,,,,,,,,,,,,,,,,,,,,,
,,,,,,,,,,,,,,,,,,,,,,,,,,,,,,,,,,,,,
,,,,,,,,,,,,,,,,,,,,,,,,,,,,,,,,,,,,,
,,,,,,,,,,,,,,,,,,,,,,,,,,,,,,,,,,,,,
,,,,,,,,,,,,,,,,,,,,,,,,,,,,,,,,,,,,,
,,,,,,,,,,,,,,,,,,,,,,,,,,,,,,,,,,,,,
,,,,,,,,,,,,,,,,,,,,,,,,,,,,,,,,,,,,,
,,,,,,,,,,,,,,,,,,,,,,,,,,,,,,,,,,,,,
,,,,,,,,,,,,,,,,,,,,,,,,,,,,,,,,,,,,,
,,,,,,,,,,,,,,,,,,,,,,,,,,,,,,,,,,,,,
,,,,,,,,,,,,,,,,,,,,,,,,,,,,,,,,,,,,,
,,,,,,,,,,,,,,,,,,,,,,,,,,,,,,,,,,,,,
,,,,,,,,,,,,,,,,,,,,,,,,,,,,,,,,,,,,,
,,,,,,,,,,,,,,,,,,,,,,,,,,,,,,,,,,,,,
,,,,,,,,,,,,,,,,,,,,,,,,,,,,,,,,,,,,,
,,,,,,,,,,,,,,,,,,,,,,,,,,,,,,,,,,,,,
,,,,,,,,,,,,,,,,,,,,,,,,,,,,,,,,,,,,,
,,,,,,,,,,,,,,,,,,,,,,,,,,,,,,,,,,,,,
,,,,,,,,,,,,,,,,,,,,,,,,,,,,,,,,,,,,,
,,,,,,,,,,,,,,,,,,,,,,,,,,,,,,,,,,,,,
,,,,,,,,,,,,,,,,,,,,,,,,,,,,,,,,,,,,,
,,,,,,,,,,,,,,,,,,,,,,,,,,,,,,,,,,,,,
,,,,,,,,,,,,,,,,,,,,,,,,,,,,,,,,,,,,,
,,,,,,,,,,,,,,,,,,,,,,,,,,,,,,,,,,,,,
,,,,,,,,,,,,,,,,,,,,,,,,,,,,,,,,,,,,,
,,,,,,,,,,,,,,,,,,,,,,,,,,,,,,,,,,,,,
,,,,,,,,,,,,,,,,,,,,,,,,,,,,,,,,,,,,,
,,,,,,,,,,,,,,,,,,,,,,,,,,,,,,,,,,,,,
,,,,,,,,,,,,,,,,,,,,,,,,,,,,,,,,,,,,,
,,,,,,,,,,,,,,,,,,,,,,,,,,,,,,,,,,,,,
,,,,,,,,,,,,,,,,,,,,,,,,,,,,,,,,,,,,,
,,,,,,,,,,,,,,,,,,,,,,,,,,,,,,,,,,,,,
,,,,,,,,,,,,,,,,,,,,,,,,,,,,,,,,,,,,,
,,,,,,,,,,,,,,,,,,,,,,,,,,,,,,,,,,,,,
,,,,,,,,,,,,,,,,,,,,,,,,,,,,,,,,,,,,,
,,,,,,,,,,,,,,,,,,,,,,,,,,,,,,,,,,,,,
,,,,,,,,,,,,,,,,,,,,,,,,,,,,,,,,,,,,,
,,,,,,,,,,,,,,,,,,,,,,,,,,,,,,,,,,,,,
,,,,,,,,,,,,,,,,,,,,,,,,,,,,,,,,,,,,,
,,,,,,,,,,,,,,,,,,,,,,,,,,,,,,,,,,,,,
,,,,,,,,,,,,,,,,,,,,,,,,,,,,,,,,,,,,,
,,,,,,,,,,,,,,,,,,,,,,,,,,,,,,,,,,,,,
,,,,,,,,,,,,,,,,,,,,,,,,,,,,,,,,,,,,,
,,,,,,,,,,,,,,,,,,,,,,,,,,,,,,,,,,,,,
,,,,,,,,,,,,,,,,,,,,,,,,,,,,,,,,,,,,,
,,,,,,,,,,,,,,,,,,,,,,,,,,,,,,,,,,,,,
,,,,,,,,,,,,,,,,,,,,,,,,,,,,,,,,,,,,,
,,,,,,,,,,,,,,,,,,,,,,,,,,,,,,,,,,,,,
,,,,,,,,,,,,,,,,,,,,,,,,,,,,,,,,,,,,,
,,,,,,,,,,,,,,,,,,,,,,,,,,,,,,,,,,,,,
,,,,,,,,,,,,,,,,,,,,,,,,,,,,,,,,,,,,,
,,,,,,,,,,,,,,,,,,,,,,,,,,,,,,,,,,,,,
,,,,,,,,,,,,,,,,,,,,,,,,,,,,,,,,,,,,,
,,,,,,,,,,,,,,,,,,,,,,,,,,,,,,,,,,,,,
,,,,,,,,,,,,,,,,,,,,,,,,,,,,,,,,,,,,,
,,,,,,,,,,,,,,,,,,,,,,,,,,,,,,,,,,,,,
,,,,,,,,,,,,,,,,,,,,,,,,,,,,,,,,,,,,,
,,,,,,,,,,,,,,,,,,,,,,,,,,,,,,,,,,,,,
,,,,,,,,,,,,,,,,,,,,,,,,,,,,,,,,,,,,,
,,,,,,,,,,,,,,,,,,,,,,,,,,,,,,,,,,,,,
,,,,,,,,,,,,,,,,,,,,,,,,,,,,,,,,,,,,,
,,,,,,,,,,,,,,,,,,,,,,,,,,,,,,,,,,,,,
,,,,,,,,,,,,,,,,,,,,,,,,,,,,,,,,,,,,,
,,,,,,,,,,,,,,,,,,,,,,,,,,,,,,,,,,,,,
,,,,,,,,,,,,,,,,,,,,,,,,,,,,,,,,,,,,,
,,,,,,,,,,,,,,,,,,,,,,,,,,,,,,,,,,,,,
,,,,,,,,,,,,,,,,,,,,,,,,,,,,,,,,,,,,,
,,,,,,,,,,,,,,,,,,,,,,,,,,,,,,,,,,,,,
,,,,,,,,,,,,,,,,,,,,,,,,,,,,,,,,,,,,,
,,,,,,,,,,,,,,,,,,,,,,,,,,,,,,,,,,,,,
,,,,,,,,,,,,,,,,,,,,,,,,,,,,,,,,,,,,,
,,,,,,,,,,,,,,,,,,,,,,,,,,,,,,,,,,,,,
,,,,,,,,,,,,,,,,,,,,,,,,,,,,,,,,,,,,,
,,,,,,,,,,,,,,,,,,,,,,,,,,,,,,,,,,,,,
,,,,,,,,,,,,,,,,,,,,,,,,,,,,,,,,,,,,,
,,,,,,,,,,,,,,,,,,,,,,,,,,,,,,,,,,,,,
,,,,,,,,,,,,,,,,,,,,,,,,,,,,,,,,,,,,,
,,,,,,,,,,,,,,,,,,,,,,,,,,,,,,,,,,,,,
,,,,,,,,,,,,,,,,,,,,,,,,,,,,,,,,,,,,,
,,,,,,,,,,,,,,,,,,,,,,,,,,,,,,,,,,,,,
,,,,,,,,,,,,,,,,,,,,,,,,,,,,,,,,,,,,,
,,,,,,,,,,,,,,,,,,,,,,,,,,,,,,,,,,,,,
,,,,,,,,,,,,,,,,,,,,,,,,,,,,,,,,,,,,,
,,,,,,,,,,,,,,,,,,,,,,,,,,,,,,,,,,,,,
,,,,,,,,,,,,,,,,,,,,,,,,,,,,,,,,,,,,,
,,,,,,,,,,,,,,,,,,,,,,,,,,,,,,,,,,,,,
,,,,,,,,,,,,,,,,,,,,,,,,,,,,,,,,,,,,,
,,,,,,,,,,,,,,,,,,,,,,,,,,,,,,,,,,,,,
,,,,,,,,,,,,,,,,,,,,,,,,,,,,,,,,,,,,,
,,,,,,,,,,,,,,,,,,,,,,,,,,,,,,,,,,,,,
,,,,,,,,,,,,,,,,,,,,,,,,,,,,,,,,,,,,,
,,,,,,,,,,,,,,,,,,,,,,,,,,,,,,,,,,,,,
,,,,,,,,,,,,,,,,,,,,,,,,,,,,,,,,,,,,,
,,,,,,,,,,,,,,,,,,,,,,,,,,,,,,,,,,,,,
,,,,,,,,,,,,,,,,,,,,,,,,,,,,,,,,,,,,,
,,,,,,,,,,,,,,,,,,,,,,,,,,,,,,,,,,,,,
,,,,,,,,,,,,,,,,,,,,,,,,,,,,,,,,,,,,,
,,,,,,,,,,,,,,,,,,,,,,,,,,,,,,,,,,,,,
,,,,,,,,,,,,,,,,,,,,,,,,,,,,,,,,,,,,,
,,,,,,,,,,,,,,,,,,,,,,,,,,,,,,,,,,,,,
,,,,,,,,,,,,,,,,,,,,,,,,,,,,,,,,,,,,,
,,,,,,,,,,,,,,,,,,,,,,,,,,,,,,,,,,,,,
,,,,,,,,,,,,,,,,,,,,,,,,,,,,,,,,,,,,,
,,,,,,,,,,,,,,,,,,,,,,,,,,,,,,,,,,,,,
,,,,,,,,,,,,,,,,,,,,,,,,,,,,,,,,,,,,,
,,,,,,,,,,,,,,,,,,,,,,,,,,,,,,,,,,,,,
,,,,,,,,,,,,,,,,,,,,,,,,,,,,,,,,,,,,,
,,,,,,,,,,,,,,,,,,,,,,,,,,,,,,,,,,,,,
,,,,,,,,,,,,,,,,,,,,,,,,,,,,,,,,,,,,,
,,,,,,,,,,,,,,,,,,,,,,,,,,,,,,,,,,,,,
,,,,,,,,,,,,,,,,,,,,,,,,,,,,,,,,,,,,,
,,,,,,,,,,,,,,,,,,,,,,,,,,,,,,,,,,,,,
,,,,,,,,,,,,,,,,,,,,,,,,,,,,,,,,,,,,,
,,,,,,,,,,,,,,,,,,,,,,,,,,,,,,,,,,,,,
,,,,,,,,,,,,,,,,,,,,,,,,,,,,,,,,,,,,,
,,,,,,,,,,,,,,,,,,,,,,,,,,,,,,,,,,,,,
,,,,,,,,,,,,,,,,,,,,,,,,,,,,,,,,,,,,,
,,,,,,,,,,,,,,,,,,,,,,,,,,,,,,,,,,,,,
,,,,,,,,,,,,,,,,,,,,,,,,,,,,,,,,,,,,,
,,,,,,,,,,,,,,,,,,,,,,,,,,,,,,,,,,,,,
,,,,,,,,,,,,,,,,,,,,,,,,,,,,,,,,,,,,,
,,,,,,,,,,,,,,,,,,,,,,,,,,,,,,,,,,,,,
,,,,,,,,,,,,,,,,,,,,,,,,,,,,,,,,,,,,,
,,,,,,,,,,,,,,,,,,,,,,,,,,,,,,,,,,,,,
,,,,,,,,,,,,,,,,,,,,,,,,,,,,,,,,,,,,,
,,,,,,,,,,,,,,,,,,,,,,,,,,,,,,,,,,,,,
,,,,,,,,,,,,,,,,,,,,,,,,,,,,,,,,,,,,,
,,,,,,,,,,,,,,,,,,,,,,,,,,,,,,,,,,,,,
,,,,,,,,,,,,,,,,,,,,,,,,,,,,,,,,,,,,,
,,,,,,,,,,,,,,,,,,,,,,,,,,,,,,,,,,,,,
,,,,,,,,,,,,,,,,,,,,,,,,,,,,,,,,,,,,,
,,,,,,,,,,,,,,,,,,,,,,,,,,,,,,,,,,,,,
,,,,,,,,,,,,,,,,,,,,,,,,,,,,,,,,,,,,,
,,,,,,,,,,,,,,,,,,,,,,,,,,,,,,,,,,,,,
,,,,,,,,,,,,,,,,,,,,,,,,,,,,,,,,,,,,,
,,,,,,,,,,,,,,,,,,,,,,,,,,,,,,,,,,,,,
,,,,,,,,,,,,,,,,,,,,,,,,,,,,,,,,,,,,,
,,,,,,,,,,,,,,,,,,,,,,,,,,,,,,,,,,,,,
,,,,,,,,,,,,,,,,,,,,,,,,,,,,,,,,,,,,,
,,,,,,,,,,,,,,,,,,,,,,,,,,,,,,,,,,,,,
,,,,,,,,,,,,,,,,,,,,,,,,,,,,,,,,,,,,,
,,,,,,,,,,,,,,,,,,,,,,,,,,,,,,,,,,,,,
,,,,,,,,,,,,,,,,,,,,,,,,,,,,,,,,,,,,,
,,,,,,,,,,,,,,,,,,,,,,,,,,,,,,,,,,,,,
,,,,,,,,,,,,,,,,,,,,,,,,,,,,,,,,,,,,,
,,,,,,,,,,,,,,,,,,,,,,,,,,,,,,,,,,,,,
,,,,,,,,,,,,,,,,,,,,,,,,,,,,,,,,,,,,,
,,,,,,,,,,,,,,,,,,,,,,,,,,,,,,,,,,,,,
,,,,,,,,,,,,,,,,,,,,,,,,,,,,,,,,,,,,,
,,,,,,,,,,,,,,,,,,,,,,,,,,,,,,,,,,,,,
,,,,,,,,,,,,,,,,,,,,,,,,,,,,,,,,,,,,,
,,,,,,,,,,,,,,,,,,,,,,,,,,,,,,,,,,,,,
,,,,,,,,,,,,,,,,,,,,,,,,,,,,,,,,,,,,,
,,,,,,,,,,,,,,,,,,,,,,,,,,,,,,,,,,,,,
,,,,,,,,,,,,,,,,,,,,,,,,,,,,,,,,,,,,,
,,,,,,,,,,,,,,,,,,,,,,,,,,,,,,,,,,,,,
,,,,,,,,,,,,,,,,,,,,,,,,,,,,,,,,,,,,,
,,,,,,,,,,,,,,,,,,,,,,,,,,,,,,,,,,,,,
,,,,,,,,,,,,,,,,,,,,,,,,,,,,,,,,,,,,,
,,,,,,,,,,,,,,,,,,,,,,,,,,,,,,,,,,,,,
,,,,,,,,,,,,,,,,,,,,,,,,,,,,,,,,,,,,,
,,,,,,,,,,,,,,,,,,,,,,,,,,,,,,,,,,,,,
,,,,,,,,,,,,,,,,,,,,,,,,,,,,,,,,,,,,,
,,,,,,,,,,,,,,,,,,,,,,,,,,,,,,,,,,,,,
,,,,,,,,,,,,,,,,,,,,,,,,,,,,,,,,,,,,,
,,,,,,,,,,,,,,,,,,,,,,,,,,,,,,,,,,,,,
,,,,,,,,,,,,,,,,,,,,,,,,,,,,,,,,,,,,,
,,,,,,,,,,,,,,,,,,,,,,,,,,,,,,,,,,,,,
,,,,,,,,,,,,,,,,,,,,,,,,,,,,,,,,,,,,,
,,,,,,,,,,,,,,,,,,,,,,,,,,,,,,,,,,,,,
,,,,,,,,,,,,,,,,,,,,,,,,,,,,,,,,,,,,,
,,,,,,,,,,,,,,,,,,,,,,,,,,,,,,,,,,,,,
,,,,,,,,,,,,,,,,,,,,,,,,,,,,,,,,,,,,,
,,,,,,,,,,,,,,,,,,,,,,,,,,,,,,,,,,,,,
,,,,,,,,,,,,,,,,,,,,,,,,,,,,,,,,,,,,,
,,,,,,,,,,,,,,,,,,,,,,,,,,,,,,,,,,,,,
,,,,,,,,,,,,,,,,,,,,,,,,,,,,,,,,,,,,,
,,,,,,,,,,,,,,,,,,,,,,,,,,,,,,,,,,,,,
,,,,,,,,,,,,,,,,,,,,,,,,,,,,,,,,,,,,,
,,,,,,,,,,,,,,,,,,,,,,,,,,,,,,,,,,,,,
,,,,,,,,,,,,,,,,,,,,,,,,,,,,,,,,,,,,,
,,,,,,,,,,,,,,,,,,,,,,,,,,,,,,,,,,,,,
,,,,,,,,,,,,,,,,,,,,,,,,,,,,,,,,,,,,,
,,,,,,,,,,,,,,,,,,,,,,,,,,,,,,,,,,,,,
,,,,,,,,,,,,,,,,,,,,,,,,,,,,,,,,,,,,,
,,,,,,,,,,,,,,,,,,,,,,,,,,,,,,,,,,,,,
,,,,,,,,,,,,,,,,,,,,,,,,,,,,,,,,,,,,,
,,,,,,,,,,,,,,,,,,,,,,,,,,,,,,,,,,,,,
,,,,,,,,,,,,,,,,,,,,,,,,,,,,,,,,,,,,,
,,,,,,,,,,,,,,,,,,,,,,,,,,,,,,,,,,,,,
,,,,,,,,,,,,,,,,,,,,,,,,,,,,,,,,,,,,,
,,,,,,,,,,,,,,,,,,,,,,,,,,,,,,,,,,,,,
,,,,,,,,,,,,,,,,,,,,,,,,,,,,,,,,,,,,,
,,,,,,,,,,,,,,,,,,,,,,,,,,,,,,,,,,,,,
,,,,,,,,,,,,,,,,,,,,,,,,,,,,,,,,,,,,,
,,,,,,,,,,,,,,,,,,,,,,,,,,,,,,,,,,,,,
,,,,,,,,,,,,,,,,,,,,,,,,,,,,,,,,,,,,,
,,,,,,,,,,,,,,,,,,,,,,,,,,,,,,,,,,,,,
,,,,,,,,,,,,,,,,,,,,,,,,,,,,,,,,,,,,,
,,,,,,,,,,,,,,,,,,,,,,,,,,,,,,,,,,,,,
,,,,,,,,,,,,,,,,,,,,,,,,,,,,,,,,,,,,,
,,,,,,,,,,,,,,,,,,,,,,,,,,,,,,,,,,,,,
,,,,,,,,,,,,,,,,,,,,,,,,,,,,,,,,,,,,,
,,,,,,,,,,,,,,,,,,,,,,,,,,,,,,,,,,,,,
,,,,,,,,,,,,,,,,,,,,,,,,,,,,,,,,,,,,,
,,,,,,,,,,,,,,,,,,,,,,,,,,,,,,,,,,,,,
,,,,,,,,,,,,,,,,,,,,,,,,,,,,,,,,,,,,,
,,,,,,,,,,,,,,,,,,,,,,,,,,,,,,,,,,,,,
,,,,,,,,,,,,,,,,,,,,,,,,,,,,,,,,,,,,,
,,,,,,,,,,,,,,,,,,,,,,,,,,,,,,,,,,,,,
,,,,,,,,,,,,,,,,,,,,,,,,,,,,,,,,,,,,,
,,,,,,,,,,,,,,,,,,,,,,,,,,,,,,,,,,,,,
,,,,,,,,,,,,,,,,,,,,,,,,,,,,,,,,,,,,,
,,,,,,,,,,,,,,,,,,,,,,,,,,,,,,,,,,,,,
,,,,,,,,,,,,,,,,,,,,,,,,,,,,,,,,,,,,,
,,,,,,,,,,,,,,,,,,,,,,,,,,,,,,,,,,,,,
,,,,,,,,,,,,,,,,,,,,,,,,,,,,,,,,,,,,,
,,,,,,,,,,,,,,,,,,,,,,,,,,,,,,,,,,,,,
,,,,,,,,,,,,,,,,,,,,,,,,,,,,,,,,,,,,,
,,,,,,,,,,,,,,,,,,,,,,,,,,,,,,,,,,,,,
,,,,,,,,,,,,,,,,,,,,,,,,,,,,,,,,,,,,,
,,,,,,,,,,,,,,,,,,,,,,,,,,,,,,,,,,,,,
,,,,,,,,,,,,,,,,,,,,,,,,,,,,,,,,,,,,,
,,,,,,,,,,,,,,,,,,,,,,,,,,,,,,,,,,,,,
,,,,,,,,,,,,,,,,,,,,,,,,,,,,,,,,,,,,,
,,,,,,,,,,,,,,,,,,,,,,,,,,,,,,,,,,,,,
,,,,,,,,,,,,,,,,,,,,,,,,,,,,,,,,,,,,,
,,,,,,,,,,,,,,,,,,,,,,,,,,,,,,,,,,,,,
,,,,,,,,,,,,,,,,,,,,,,,,,,,,,,,,,,,,,
,,,,,,,,,,,,,,,,,,,,,,,,,,,,,,,,,,,,,
,,,,,,,,,,,,,,,,,,,,,,,,,,,,,,,,,,,,,
,,,,,,,,,,,,,,,,,,,,,,,,,,,,,,,,,,,,,
,,,,,,,,,,,,,,,,,,,,,,,,,,,,,,,,,,,,,
,,,,,,,,,,,,,,,,,,,,,,,,,,,,,,,,,,,,,
,,,,,,,,,,,,,,,,,,,,,,,,,,,,,,,,,,,,,
,,,,,,,,,,,,,,,,,,,,,,,,,,,,,,,,,,,,,
,,,,,,,,,,,,,,,,,,,,,,,,,,,,,,,,,,,,,
,,,,,,,,,,,,,,,,,,,,,,,,,,,,,,,,,,,,,
,,,,,,,,,,,,,,,,,,,,,,,,,,,,,,,,,,,,,
,,,,,,,,,,,,,,,,,,,,,,,,,,,,,,,,,,,,,
,,,,,,,,,,,,,,,,,,,,,,,,,,,,,,,,,,,,,
,,,,,,,,,,,,,,,,,,,,,,,,,,,,,,,,,,,,,
,,,,,,,,,,,,,,,,,,,,,,,,,,,,,,,,,,,,,
,,,,,,,,,,,,,,,,,,,,,,,,,,,,,,,,,,,,,
,,,,,,,,,,,,,,,,,,,,,,,,,,,,,,,,,,,,,
,,,,,,,,,,,,,,,,,,,,,,,,,,,,,,,,,,,,,
,,,,,,,,,,,,,,,,,,,,,,,,,,,,,,,,,,,,,
,,,,,,,,,,,,,,,,,,,,,,,,,,,,,,,,,,,,,
,,,,,,,,,,,,,,,,,,,,,,,,,,,,,,,,,,,,,
,,,,,,,,,,,,,,,,,,,,,,,,,,,,,,,,,,,,,
,,,,,,,,,,,,,,,,,,,,,,,,,,,,,,,,,,,,,
,,,,,,,,,,,,,,,,,,,,,,,,,,,,,,,,,,,,,
,,,,,,,,,,,,,,,,,,,,,,,,,,,,,,,,,,,,,
,,,,,,,,,,,,,,,,,,,,,,,,,,,,,,,,,,,,,
,,,,,,,,,,,,,,,,,,,,,,,,,,,,,,,,,,,,,
,,,,,,,,,,,,,,,,,,,,,,,,,,,,,,,,,,,,,
,,,,,,,,,,,,,,,,,,,,,,,,,,,,,,,,,,,,,
,,,,,,,,,,,,,,,,,,,,,,,,,,,,,,,,,,,,,
,,,,,,,,,,,,,,,,,,,,,,,,,,,,,,,,,,,,,
,,,,,,,,,,,,,,,,,,,,,,,,,,,,,,,,,,,,,
,,,,,,,,,,,,,,,,,,,,,,,,,,,,,,,,,,,,,
,,,,,,,,,,,,,,,,,,,,,,,,,,,,,,,,,,,,,
,,,,,,,,,,,,,,,,,,,,,,,,,,,,,,,,,,,,,
,,,,,,,,,,,,,,,,,,,,,,,,,,,,,,,,,,,,,
,,,,,,,,,,,,,,,,,,,,,,,,,,,,,,,,,,,,,
,,,,,,,,,,,,,,,,,,,,,,,,,,,,,,,,,,,,,
,,,,,,,,,,,,,,,,,,,,,,,,,,,,,,,,,,,,,
,,,,,,,,,,,,,,,,,,,,,,,,,,,,,,,,,,,,,
,,,,,,,,,,,,,,,,,,,,,,,,,,,,,,,,,,,,,
,,,,,,,,,,,,,,,,,,,,,,,,,,,,,,,,,,,,,
,,,,,,,,,,,,,,,,,,,,,,,,,,,,,,,,,,,,,
,,,,,,,,,,,,,,,,,,,,,,,,,,,,,,,,,,,,,
,,,,,,,,,,,,,,,,,,,,,,,,,,,,,,,,,,,,,
,,,,,,,,,,,,,,,,,,,,,,,,,,,,,,,,,,,,,
,,,,,,,,,,,,,,,,,,,,,,,,,,,,,,,,,,,,,
,,,,,,,,,,,,,,,,,,,,,,,,,,,,,,,,,,,,,
,,,,,,,,,,,,,,,,,,,,,,,,,,,,,,,,,,,,,
,,,,,,,,,,,,,,,,,,,,,,,,,,,,,,,,,,,,,
,,,,,,,,,,,,,,,,,,,,,,,,,,,,,,,,,,,,,
,,,,,,,,,,,,,,,,,,,,,,,,,,,,,,,,,,,,,
,,,,,,,,,,,,,,,,,,,,,,,,,,,,,,,,,,,,,
,,,,,,,,,,,,,,,,,,,,,,,,,,,,,,,,,,,,,
,,,,,,,,,,,,,,,,,,,,,,,,,,,,,,,,,,,,,
,,,,,,,,,,,,,,,,,,,,,,,,,,,,,,,,,,,,,
,,,,,,,,,,,,,,,,,,,,,,,,,,,,,,,,,,,,,
,,,,,,,,,,,,,,,,,,,,,,,,,,,,,,,,,,,,,
,,,,,,,,,,,,,,,,,,,,,,,,,,,,,,,,,,,,,
,,,,,,,,,,,,,,,,,,,,,,,,,,,,,,,,,,,,,
,,,,,,,,,,,,,,,,,,,,,,,,,,,,,,,,,,,,,
,,,,,,,,,,,,,,,,,,,,,,,,,,,,,,,,,,,,,
,,,,,,,,,,,,,,,,,,,,,,,,,,,,,,,,,,,,,
,,,,,,,,,,,,,,,,,,,,,,,,,,,,,,,,,,,,,
,,,,,,,,,,,,,,,,,,,,,,,,,,,,,,,,,,,,,
,,,,,,,,,,,,,,,,,,,,,,,,,,,,,,,,,,,,,
,,,,,,,,,,,,,,,,,,,,,,,,,,,,,,,,,,,,,
,,,,,,,,,,,,,,,,,,,,,,,,,,,,,,,,,,,,,
,,,,,,,,,,,,,,,,,,,,,,,,,,,,,,,,,,,,,
,,,,,,,,,,,,,,,,,,,,,,,,,,,,,,,,,,,,,
,,,,,,,,,,,,,,,,,,,,,,,,,,,,,,,,,,,,,
,,,,,,,,,,,,,,,,,,,,,,,,,,,,,,,,,,,,,
,,,,,,,,,,,,,,,,,,,,,,,,,,,,,,,,,,,,,
,,,,,,,,,,,,,,,,,,,,,,,,,,,,,,,,,,,,,
,,,,,,,,,,,,,,,,,,,,,,,,,,,,,,,,,,,,,
,,,,,,,,,,,,,,,,,,,,,,,,,,,,,,,,,,,,,
,,,,,,,,,,,,,,,,,,,,,,,,,,,,,,,,,,,,,
,,,,,,,,,,,,,,,,,,,,,,,,,,,,,,,,,,,,,
,,,,,,,,,,,,,,,,,,,,,,,,,,,,,,,,,,,,,
,,,,,,,,,,,,,,,,,,,,,,,,,,,,,,,,,,,,,
,,,,,,,,,,,,,,,,,,,,,,,,,,,,,,,,,,,,,
,,,,,,,,,,,,,,,,,,,,,,,,,,,,,,,,,,,,,
,,,,,,,,,,,,,,,,,,,,,,,,,,,,,,,,,,,,,
,,,,,,,,,,,,,,,,,,,,,,,,,,,,,,,,,,,,,
,,,,,,,,,,,,,,,,,,,,,,,,,,,,,,,,,,,,,
,,,,,,,,,,,,,,,,,,,,,,,,,,,,,,,,,,,,,
,,,,,,,,,,,,,,,,,,,,,,,,,,,,,,,,,,,,,
,,,,,,,,,,,,,,,,,,,,,,,,,,,,,,,,,,,,,
,,,,,,,,,,,,,,,,,,,,,,,,,,,,,,,,,,,,,
,,,,,,,,,,,,,,,,,,,,,,,,,,,,,,,,,,,,,
,,,,,,,,,,,,,,,,,,,,,,,,,,,,,,,,,,,,,
,,,,,,,,,,,,,,,,,,,,,,,,,,,,,,,,,,,,,
,,,,,,,,,,,,,,,,,,,,,,,,,,,,,,,,,,,,,
,,,,,,,,,,,,,,,,,,,,,,,,,,,,,,,,,,,,,
,,,,,,,,,,,,,,,,,,,,,,,,,,,,,,,,,,,,,
,,,,,,,,,,,,,,,,,,,,,,,,,,,,,,,,,,,,,
,,,,,,,,,,,,,,,,,,,,,,,,,,,,,,,,,,,,,
,,,,,,,,,,,,,,,,,,,,,,,,,,,,,,,,,,,,,
,,,,,,,,,,,,,,,,,,,,,,,,,,,,,,,,,,,,,
,,,,,,,,,,,,,,,,,,,,,,,,,,,,,,,,,,,,,
,,,,,,,,,,,,,,,,,,,,,,,,,,,,,,,,,,,,,
,,,,,,,,,,,,,,,,,,,,,,,,,,,,,,,,,,,,,
,,,,,,,,,,,,,,,,,,,,,,,,,,,,,,,,,,,,,
,,,,,,,,,,,,,,,,,,,,,,,,,,,,,,,,,,,,,
,,,,,,,,,,,,,,,,,,,,,,,,,,,,,,,,,,,,,
,,,,,,,,,,,,,,,,,,,,,,,,,,,,,,,,,,,,,
,,,,,,,,,,,,,,,,,,,,,,,,,,,,,,,,,,,,,
,,,,,,,,,,,,,,,,,,,,,,,,,,,,,,,,,,,,,
,,,,,,,,,,,,,,,,,,,,,,,,,,,,,,,,,,,,,
,,,,,,,,,,,,,,,,,,,,,,,,,,,,,,,,,,,,,
,,,,,,,,,,,,,,,,,,,,,,,,,,,,,,,,,,,,,
,,,,,,,,,,,,,,,,,,,,,,,,,,,,,,,,,,,,,
,,,,,,,,,,,,,,,,,,,,,,,,,,,,,,,,,,,,,
,,,,,,,,,,,,,,,,,,,,,,,,,,,,,,,,,,,,,
,,,,,,,,,,,,,,,,,,,,,,,,,,,,,,,,,,,,,
,,,,,,,,,,,,,,,,,,,,,,,,,,,,,,,,,,,,,
,,,,,,,,,,,,,,,,,,,,,,,,,,,,,,,,,,,,,
,,,,,,,,,,,,,,,,,,,,,,,,,,,,,,,,,,,,,
,,,,,,,,,,,,,,,,,,,,,,,,,,,,,,,,,,,,,
,,,,,,,,,,,,,,,,,,,,,,,,,,,,,,,,,,,,,
,,,,,,,,,,,,,,,,,,,,,,,,,,,,,,,,,,,,,
,,,,,,,,,,,,,,,,,,,,,,,,,,,,,,,,,,,,,
,,,,,,,,,,,,,,,,,,,,,,,,,,,,,,,,,,,,,
,,,,,,,,,,,,,,,,,,,,,,,,,,,,,,,,,,,,,
,,,,,,,,,,,,,,,,,,,,,,,,,,,,,,,,,,,,,
,,,,,,,,,,,,,,,,,,,,,,,,,,,,,,,,,,,,,
,,,,,,,,,,,,,,,,,,,,,,,,,,,,,,,,,,,,,
,,,,,,,,,,,,,,,,,,,,,,,,,,,,,,,,,,,,,
,,,,,,,,,,,,,,,,,,,,,,,,,,,,,,,,,,,,,
,,,,,,,,,,,,,,,,,,,,,,,,,,,,,,,,,,,,,
,,,,,,,,,,,,,,,,,,,,,,,,,,,,,,,,,,,,,
,,,,,,,,,,,,,,,,,,,,,,,,,,,,,,,,,,,,,
,,,,,,,,,,,,,,,,,,,,,,,,,,,,,,,,,,,,,
,,,,,,,,,,,,,,,,,,,,,,,,,,,,,,,,,,,,,
,,,,,,,,,,,,,,,,,,,,,,,,,,,,,,,,,,,,,
,,,,,,,,,,,,,,,,,,,,,,,,,,,,,,,,,,,,,
,,,,,,,,,,,,,,,,,,,,,,,,,,,,,,,,,,,,,
,,,,,,,,,,,,,,,,,,,,,,,,,,,,,,,,,,,,,
,,,,,,,,,,,,,,,,,,,,,,,,,,,,,,,,,,,,,
,,,,,,,,,,,,,,,,,,,,,,,,,,,,,,,,,,,,,
,,,,,,,,,,,,,,,,,,,,,,,,,,,,,,,,,,,,,
,,,,,,,,,,,,,,,,,,,,,,,,,,,,,,,,,,,,,
,,,,,,,,,,,,,,,,,,,,,,,,,,,,,,,,,,,,,
,,,,,,,,,,,,,,,,,,,,,,,,,,,,,,,,,,,,,
,,,,,,,,,,,,,,,,,,,,,,,,,,,,,,,,,,,,,
,,,,,,,,,,,,,,,,,,,,,,,,,,,,,,,,,,,,,
,,,,,,,,,,,,,,,,,,,,,,,,,,,,,,,,,,,,,
,,,,,,,,,,,,,,,,,,,,,,,,,,,,,,,,,,,,,
,,,,,,,,,,,,,,,,,,,,,,,,,,,,,,,,,,,,,
,,,,,,,,,,,,,,,,,,,,,,,,,,,,,,,,,,,,,
,,,,,,,,,,,,,,,,,,,,,,,,,,,,,,,,,,,,,
,,,,,,,,,,,,,,,,,,,,,,,,,,,,,,,,,,,,,
,,,,,,,,,,,,,,,,,,,,,,,,,,,,,,,,,,,,,
,,,,,,,,,,,,,,,,,,,,,,,,,,,,,,,,,,,,,
,,,,,,,,,,,,,,,,,,,,,,,,,,,,,,,,,,,,,
,,,,,,,,,,,,,,,,,,,,,,,,,,,,,,,,,,,,,
,,,,,,,,,,,,,,,,,,,,,,,,,,,,,,,,,,,,,
,,,,,,,,,,,,,,,,,,,,,,,,,,,,,,,,,,,,,
,,,,,,,,,,,,,,,,,,,,,,,,,,,,,,,,,,,,,
,,,,,,,,,,,,,,,,,,,,,,,,,,,,,,,,,,,,,
,,,,,,,,,,,,,,,,,,,,,,,,,,,,,,,,,,,,,
,,,,,,,,,,,,,,,,,,,,,,,,,,,,,,,,,,,,,
,,,,,,,,,,,,,,,,,,,,,,,,,,,,,,,,,,,,,
,,,,,,,,,,,,,,,,,,,,,,,,,,,,,,,,,,,,,
,,,,,,,,,,,,,,,,,,,,,,,,,,,,,,,,,,,,,
,,,,,,,,,,,,,,,,,,,,,,,,,,,,,,,,,,,,,
,,,,,,,,,,,,,,,,,,,,,,,,,,,,,,,,,,,,,
,,,,,,,,,,,,,,,,,,,,,,,,,,,,,,,,,,,,,
,,,,,,,,,,,,,,,,,,,,,,,,,,,,,,,,,,,,,
,,,,,,,,,,,,,,,,,,,,,,,,,,,,,,,,,,,,,
,,,,,,,,,,,,,,,,,,,,,,,,,,,,,,,,,,,,,
,,,,,,,,,,,,,,,,,,,,,,,,,,,,,,,,,,,,,
,,,,,,,,,,,,,,,,,,,,,,,,,,,,,,,,,,,,,
,,,,,,,,,,,,,,,,,,,,,,,,,,,,,,,,,,,,,
,,,,,,,,,,,,,,,,,,,,,,,,,,,,,,,,,,,,,
,,,,,,,,,,,,,,,,,,,,,,,,,,,,,,,,,,,,,
,,,,,,,,,,,,,,,,,,,,,,,,,,,,,,,,,,,,,
,,,,,,,,,,,,,,,,,,,,,,,,,,,,,,,,,,,,,
,,,,,,,,,,,,,,,,,,,,,,,,,,,,,,,,,,,,,
,,,,,,,,,,,,,,,,,,,,,,,,,,,,,,,,,,,,,
,,,,,,,,,,,,,,,,,,,,,,,,,,,,,,,,,,,,,
,,,,,,,,,,,,,,,,,,,,,,,,,,,,,,,,,,,,,
,,,,,,,,,,,,,,,,,,,,,,,,,,,,,,,,,,,,,
,,,,,,,,,,,,,,,,,,,,,,,,,,,,,,,,,,,,,
,,,,,,,,,,,,,,,,,,,,,,,,,,,,,,,,,,,,,
,,,,,,,,,,,,,,,,,,,,,,,,,,,,,,,,,,,,,
,,,,,,,,,,,,,,,,,,,,,,,,,,,,,,,,,,,,,
,,,,,,,,,,,,,,,,,,,,,,,,,,,,,,,,,,,,,
,,,,,,,,,,,,,,,,,,,,,,,,,,,,,,,,,,,,,
,,,,,,,,,,,,,,,,,,,,,,,,,,,,,,,,,,,,,
,,,,,,,,,,,,,,,,,,,,,,,,,,,,,,,,,,,,,
,,,,,,,,,,,,,,,,,,,,,,,,,,,,,,,,,,,,,
,,,,,,,,,,,,,,,,,,,,,,,,,,,,,,,,,,,,,
,,,,,,,,,,,,,,,,,,,,,,,,,,,,,,,,,,,,,
,,,,,,,,,,,,,,,,,,,,,,,,,,,,,,,,,,,,,
,,,,,,,,,,,,,,,,,,,,,,,,,,,,,,,,,,,,,
,,,,,,,,,,,,,,,,,,,,,,,,,,,,,,,,,,,,,
,,,,,,,,,,,,,,,,,,,,,,,,,,,,,,,,,,,,,
,,,,,,,,,,,,,,,,,,,,,,,,,,,,,,,,,,,,,
,,,,,,,,,,,,,,,,,,,,,,,,,,,,,,,,,,,,,
,,,,,,,,,,,,,,,,,,,,,,,,,,,,,,,,,,,,,
,,,,,,,,,,,,,,,,,,,,,,,,,,,,,,,,,,,,,
,,,,,,,,,,,,,,,,,,,,,,,,,,,,,,,,,,,,,
,,,,,,,,,,,,,,,,,,,,,,,,,,,,,,,,,,,,,
,,,,,,,,,,,,,,,,,,,,,,,,,,,,,,,,,,,,,
,,,,,,,,,,,,,,,,,,,,,,,,,,,,,,,,,,,,,
,,,,,,,,,,,,,,,,,,,,,,,,,,,,,,,,,,,,,
,,,,,,,,,,,,,,,,,,,,,,,,,,,,,,,,,,,,,
,,,,,,,,,,,,,,,,,,,,,,,,,,,,,,,,,,,,,
,,,,,,,,,,,,,,,,,,,,,,,,,,,,,,,,,,,,,
,,,,,,,,,,,,,,,,,,,,,,,,,,,,,,,,,,,,,
,,,,,,,,,,,,,,,,,,,,,,,,,,,,,,,,,,,,,
,,,,,,,,,,,,,,,,,,,,,,,,,,,,,,,,,,,,,
,,,,,,,,,,,,,,,,,,,,,,,,,,,,,,,,,,,,,
,,,,,,,,,,,,,,,,,,,,,,,,,,,,,,,,,,,,,
,,,,,,,,,,,,,,,,,,,,,,,,,,,,,,,,,,,,,
,,,,,,,,,,,,,,,,,,,,,,,,,,,,,,,,,,,,,
,,,,,,,,,,,,,,,,,,,,,,,,,,,,,,,,,,,,,
,,,,,,,,,,,,,,,,,,,,,,,,,,,,,,,,,,,,,
,,,,,,,,,,,,,,,,,,,,,,,,,,,,,,,,,,,,,
,,,,,,,,,,,,,,,,,,,,,,,,,,,,,,,,,,,,,
,,,,,,,,,,,,,,,,,,,,,,,,,,,,,,,,,,,,,
,,,,,,,,,,,,,,,,,,,,,,,,,,,,,,,,,,,,,
,,,,,,,,,,,,,,,,,,,,,,,,,,,,,,,,,,,,,
,,,,,,,,,,,,,,,,,,,,,,,,,,,,,,,,,,,,,
,,,,,,,,,,,,,,,,,,,,,,,,,,,,,,,,,,,,,
,,,,,,,,,,,,,,,,,,,,,,,,,,,,,,,,,,,,,
,,,,,,,,,,,,,,,,,,,,,,,,,,,,,,,,,,,,,
,,,,,,,,,,,,,,,,,,,,,,,,,,,,,,,,,,,,,
,,,,,,,,,,,,,,,,,,,,,,,,,,,,,,,,,,,,,
,,,,,,,,,,,,,,,,,,,,,,,,,,,,,,,,,,,,,
,,,,,,,,,,,,,,,,,,,,,,,,,,,,,,,,,,,,,
,,,,,,,,,,,,,,,,,,,,,,,,,,,,,,,,,,,,,
,,,,,,,,,,,,,,,,,,,,,,,,,,,,,,,,,,,,,
,,,,,,,,,,,,,,,,,,,,,,,,,,,,,,,,,,,,,
,,,,,,,,,,,,,,,,,,,,,,,,,,,,,,,,,,,,,
,,,,,,,,,,,,,,,,,,,,,,,,,,,,,,,,,,,,,
,,,,,,,,,,,,,,,,,,,,,,,,,,,,,,,,,,,,,
,,,,,,,,,,,,,,,,,,,,,,,,,,,,,,,,,,,,,
,,,,,,,,,,,,,,,,,,,,,,,,,,,,,,,,,,,,,
,,,,,,,,,,,,,,,,,,,,,,,,,,,,,,,,,,,,,
,,,,,,,,,,,,,,,,,,,,,,,,,,,,,,,,,,,,,
,,,,,,,,,,,,,,,,,,,,,,,,,,,,,,,,,,,,,
,,,,,,,,,,,,,,,,,,,,,,,,,,,,,,,,,,,,,
,,,,,,,,,,,,,,,,,,,,,,,,,,,,,,,,,,,,,
,,,,,,,,,,,,,,,,,,,,,,,,,,,,,,,,,,,,,
,,,,,,,,,,,,,,,,,,,,,,,,,,,,,,,,,,,,,
,,,,,,,,,,,,,,,,,,,,,,,,,,,,,,,,,,,,,
,,,,,,,,,,,,,,,,,,,,,,,,,,,,,,,,,,,,,
